delegacia_name,year,roubo_outros,note
01º D.P. ATIBAIA,2022,2,Source: SSP-SP SPDadosCriminais XLSX; NATUREZA_APURADA=ROUBO - OUTROS; NOME_DEPARTAMENTO=DECAP
01º D.P. ATIBAIA,2023,1,Source: SSP-SP SPDadosCriminais XLSX; NATUREZA_APURADA=ROUBO - OUTROS; NOME_DEPARTAMENTO=DECAP
01º D.P. ATIBAIA,2024,1,Source: SSP-SP SPDadosCriminais XLSX; NATUREZA_APURADA=ROUBO - OUTROS; NOME_DEPARTAMENTO=DECAP
01º D.P. BARRA DO TURVO,2022,1,Source: SSP-SP SPDadosCriminais XLSX; NATUREZA_APURADA=ROUBO - OUTROS; NOME_DEPARTAMENTO=DECAP
01º D.P. BARUERI,2022,1,Source: SSP-SP SPDadosCriminais XLSX; NATUREZA_APURADA=ROUBO - OUTROS; NOME_DEPARTAMENTO=DECAP
01º D.P. BARUERI,2023,2,Source: SSP-SP SPDadosCriminais XLSX; NATUREZA_APURADA=ROUBO - OUTROS; NOME_DEPARTAMENTO=DECAP
01º D.P. BRAGANÇA PAULISTA,2022,2,Source: SSP-SP SPDadosCriminais XLSX; NATUREZA_APURADA=ROUBO - OUTROS; NOME_DEPARTAMENTO=DECAP
01º D.P. CAIEIRAS,2022,1,Source: SSP-SP SPDadosCriminais XLSX; NATUREZA_APURADA=ROUBO - OUTROS; NOME_DEPARTAMENTO=DECAP
01º D.P. CAIEIRAS,2024,1,Source: SSP-SP SPDadosCriminais XLSX; NATUREZA_APURADA=ROUBO - OUTROS; NOME_DEPARTAMENTO=DECAP
01º D.P. CAJAMAR,2024,1,Source: SSP-SP SPDadosCriminais XLSX; NATUREZA_APURADA=ROUBO - OUTROS; NOME_DEPARTAMENTO=DECAP
01º D.P. CAMPINAS,2022,1,Source: SSP-SP SPDadosCriminais XLSX; NATUREZA_APURADA=ROUBO - OUTROS; NOME_DEPARTAMENTO=DECAP
01º D.P. CAMPINAS,2023,1,Source: SSP-SP SPDadosCriminais XLSX; NATUREZA_APURADA=ROUBO - OUTROS; NOME_DEPARTAMENTO=DECAP
01º D.P. CAMPINAS,2024,1,Source: SSP-SP SPDadosCriminais XLSX; NATUREZA_APURADA=ROUBO - OUTROS; NOME_DEPARTAMENTO=DECAP
01º D.P. CAPÃO BONITO,2024,1,Source: SSP-SP SPDadosCriminais XLSX; NATUREZA_APURADA=ROUBO - OUTROS; NOME_DEPARTAMENTO=DECAP
01º D.P. CARAGUATATUBA,2023,1,Source: SSP-SP SPDadosCriminais XLSX; NATUREZA_APURADA=ROUBO - OUTROS; NOME_DEPARTAMENTO=DECAP
01º D.P. CARAPICUIBA,2022,7,Source: SSP-SP SPDadosCriminais XLSX; NATUREZA_APURADA=ROUBO - OUTROS; NOME_DEPARTAMENTO=DECAP
01º D.P. CARAPICUIBA,2023,4,Source: SSP-SP SPDadosCriminais XLSX; NATUREZA_APURADA=ROUBO - OUTROS; NOME_DEPARTAMENTO=DECAP
01º D.P. CARAPICUIBA,2024,6,Source: SSP-SP SPDadosCriminais XLSX; NATUREZA_APURADA=ROUBO - OUTROS; NOME_DEPARTAMENTO=DECAP
01º D.P. COTIA,2023,1,Source: SSP-SP SPDadosCriminais XLSX; NATUREZA_APURADA=ROUBO - OUTROS; NOME_DEPARTAMENTO=DECAP
01º D.P. COTIA,2024,1,Source: SSP-SP SPDadosCriminais XLSX; NATUREZA_APURADA=ROUBO - OUTROS; NOME_DEPARTAMENTO=DECAP
01º D.P. CUBATÃO,2022,1,Source: SSP-SP SPDadosCriminais XLSX; NATUREZA_APURADA=ROUBO - OUTROS; NOME_DEPARTAMENTO=DECAP
01º D.P. CUBATÃO,2023,2,Source: SSP-SP SPDadosCriminais XLSX; NATUREZA_APURADA=ROUBO - OUTROS; NOME_DEPARTAMENTO=DECAP
01º D.P. DIADEMA,2022,36,Source: SSP-SP SPDadosCriminais XLSX; NATUREZA_APURADA=ROUBO - OUTROS; NOME_DEPARTAMENTO=DECAP
01º D.P. DIADEMA,2023,20,Source: SSP-SP SPDadosCriminais XLSX; NATUREZA_APURADA=ROUBO - OUTROS; NOME_DEPARTAMENTO=DECAP
01º D.P. DIADEMA,2024,17,Source: SSP-SP SPDadosCriminais XLSX; NATUREZA_APURADA=ROUBO - OUTROS; NOME_DEPARTAMENTO=DECAP
01º D.P. EMBU DAS ARTES,2022,22,Source: SSP-SP SPDadosCriminais XLSX; NATUREZA_APURADA=ROUBO - OUTROS; NOME_DEPARTAMENTO=DECAP
01º D.P. EMBU DAS ARTES,2023,14,Source: SSP-SP SPDadosCriminais XLSX; NATUREZA_APURADA=ROUBO - OUTROS; NOME_DEPARTAMENTO=DECAP
01º D.P. EMBU DAS ARTES,2024,26,Source: SSP-SP SPDadosCriminais XLSX; NATUREZA_APURADA=ROUBO - OUTROS; NOME_DEPARTAMENTO=DECAP
01º D.P. FERRAZ VASCONCELOS,2022,24,Source: SSP-SP SPDadosCriminais XLSX; NATUREZA_APURADA=ROUBO - OUTROS; NOME_DEPARTAMENTO=DECAP
01º D.P. FERRAZ VASCONCELOS,2023,17,Source: SSP-SP SPDadosCriminais XLSX; NATUREZA_APURADA=ROUBO - OUTROS; NOME_DEPARTAMENTO=DECAP
01º D.P. FERRAZ VASCONCELOS,2024,8,Source: SSP-SP SPDadosCriminais XLSX; NATUREZA_APURADA=ROUBO - OUTROS; NOME_DEPARTAMENTO=DECAP
01º D.P. GUARATINGUETA,2023,1,Source: SSP-SP SPDadosCriminais XLSX; NATUREZA_APURADA=ROUBO - OUTROS; NOME_DEPARTAMENTO=DECAP
01º D.P. GUARUJA,2022,1,Source: SSP-SP SPDadosCriminais XLSX; NATUREZA_APURADA=ROUBO - OUTROS; NOME_DEPARTAMENTO=DECAP
01º D.P. GUARUJA,2023,2,Source: SSP-SP SPDadosCriminais XLSX; NATUREZA_APURADA=ROUBO - OUTROS; NOME_DEPARTAMENTO=DECAP
01º D.P. GUARULHOS,2022,9,Source: SSP-SP SPDadosCriminais XLSX; NATUREZA_APURADA=ROUBO - OUTROS; NOME_DEPARTAMENTO=DECAP
01º D.P. GUARULHOS,2023,6,Source: SSP-SP SPDadosCriminais XLSX; NATUREZA_APURADA=ROUBO - OUTROS; NOME_DEPARTAMENTO=DECAP
01º D.P. GUARULHOS,2024,9,Source: SSP-SP SPDadosCriminais XLSX; NATUREZA_APURADA=ROUBO - OUTROS; NOME_DEPARTAMENTO=DECAP
01º D.P. HORTOLÂNDIA,2022,1,Source: SSP-SP SPDadosCriminais XLSX; NATUREZA_APURADA=ROUBO - OUTROS; NOME_DEPARTAMENTO=DECAP
01º D.P. ITAPECERICA DA SERRA,2022,14,Source: SSP-SP SPDadosCriminais XLSX; NATUREZA_APURADA=ROUBO - OUTROS; NOME_DEPARTAMENTO=DECAP
01º D.P. ITAPECERICA DA SERRA,2023,8,Source: SSP-SP SPDadosCriminais XLSX; NATUREZA_APURADA=ROUBO - OUTROS; NOME_DEPARTAMENTO=DECAP
01º D.P. ITAPECERICA DA SERRA,2024,9,Source: SSP-SP SPDadosCriminais XLSX; NATUREZA_APURADA=ROUBO - OUTROS; NOME_DEPARTAMENTO=DECAP
01º D.P. ITAQUAQUECETUBA,2022,7,Source: SSP-SP SPDadosCriminais XLSX; NATUREZA_APURADA=ROUBO - OUTROS; NOME_DEPARTAMENTO=DECAP
01º D.P. ITAQUAQUECETUBA,2023,2,Source: SSP-SP SPDadosCriminais XLSX; NATUREZA_APURADA=ROUBO - OUTROS; NOME_DEPARTAMENTO=DECAP
01º D.P. ITAQUAQUECETUBA,2024,1,Source: SSP-SP SPDadosCriminais XLSX; NATUREZA_APURADA=ROUBO - OUTROS; NOME_DEPARTAMENTO=DECAP
01º D.P. ITATIBA,2023,2,Source: SSP-SP SPDadosCriminais XLSX; NATUREZA_APURADA=ROUBO - OUTROS; NOME_DEPARTAMENTO=DECAP
01º D.P. ITATIBA,2024,2,Source: SSP-SP SPDadosCriminais XLSX; NATUREZA_APURADA=ROUBO - OUTROS; NOME_DEPARTAMENTO=DECAP
01º D.P. JACAREI,2022,2,Source: SSP-SP SPDadosCriminais XLSX; NATUREZA_APURADA=ROUBO - OUTROS; NOME_DEPARTAMENTO=DECAP
01º D.P. JUNDIAI,2022,1,Source: SSP-SP SPDadosCriminais XLSX; NATUREZA_APURADA=ROUBO - OUTROS; NOME_DEPARTAMENTO=DECAP
01º D.P. JUNDIAI,2023,1,Source: SSP-SP SPDadosCriminais XLSX; NATUREZA_APURADA=ROUBO - OUTROS; NOME_DEPARTAMENTO=DECAP
01º D.P. JUNDIAI,2024,1,Source: SSP-SP SPDadosCriminais XLSX; NATUREZA_APURADA=ROUBO - OUTROS; NOME_DEPARTAMENTO=DECAP
01º D.P. LEME,2023,1,Source: SSP-SP SPDadosCriminais XLSX; NATUREZA_APURADA=ROUBO - OUTROS; NOME_DEPARTAMENTO=DECAP
01º D.P. LIMEIRA,2022,1,Source: SSP-SP SPDadosCriminais XLSX; NATUREZA_APURADA=ROUBO - OUTROS; NOME_DEPARTAMENTO=DECAP
01º D.P. LIMEIRA,2024,1,Source: SSP-SP SPDadosCriminais XLSX; NATUREZA_APURADA=ROUBO - OUTROS; NOME_DEPARTAMENTO=DECAP
01º D.P. MAIRIPORÃ,2022,3,Source: SSP-SP SPDadosCriminais XLSX; NATUREZA_APURADA=ROUBO - OUTROS; NOME_DEPARTAMENTO=DECAP
01º D.P. MAIRIPORÃ,2023,2,Source: SSP-SP SPDadosCriminais XLSX; NATUREZA_APURADA=ROUBO - OUTROS; NOME_DEPARTAMENTO=DECAP
01º D.P. MAIRIPORÃ,2024,5,Source: SSP-SP SPDadosCriminais XLSX; NATUREZA_APURADA=ROUBO - OUTROS; NOME_DEPARTAMENTO=DECAP
01º D.P. MOGI DAS CRUZES,2022,2,Source: SSP-SP SPDadosCriminais XLSX; NATUREZA_APURADA=ROUBO - OUTROS; NOME_DEPARTAMENTO=DECAP
01º D.P. MOGI DAS CRUZES,2023,1,Source: SSP-SP SPDadosCriminais XLSX; NATUREZA_APURADA=ROUBO - OUTROS; NOME_DEPARTAMENTO=DECAP
01º D.P. MONGAGUA,2022,1,Source: SSP-SP SPDadosCriminais XLSX; NATUREZA_APURADA=ROUBO - OUTROS; NOME_DEPARTAMENTO=DECAP
01º D.P. MONGAGUA,2023,4,Source: SSP-SP SPDadosCriminais XLSX; NATUREZA_APURADA=ROUBO - OUTROS; NOME_DEPARTAMENTO=DECAP
01º D.P. OSASCO,2022,3,Source: SSP-SP SPDadosCriminais XLSX; NATUREZA_APURADA=ROUBO - OUTROS; NOME_DEPARTAMENTO=DECAP
01º D.P. OSASCO,2023,8,Source: SSP-SP SPDadosCriminais XLSX; NATUREZA_APURADA=ROUBO - OUTROS; NOME_DEPARTAMENTO=DECAP
01º D.P. OSASCO,2024,3,Source: SSP-SP SPDadosCriminais XLSX; NATUREZA_APURADA=ROUBO - OUTROS; NOME_DEPARTAMENTO=DECAP
01º D.P. PARAGUACU PAULISTA,2022,1,Source: SSP-SP SPDadosCriminais XLSX; NATUREZA_APURADA=ROUBO - OUTROS; NOME_DEPARTAMENTO=DECAP
01º D.P. PERUIBE,2023,1,Source: SSP-SP SPDadosCriminais XLSX; NATUREZA_APURADA=ROUBO - OUTROS; NOME_DEPARTAMENTO=DECAP
01º D.P. PERUIBE,2024,1,Source: SSP-SP SPDadosCriminais XLSX; NATUREZA_APURADA=ROUBO - OUTROS; NOME_DEPARTAMENTO=DECAP
01º D.P. PRAIA GRANDE-VL. TUPI,2022,2,Source: SSP-SP SPDadosCriminais XLSX; NATUREZA_APURADA=ROUBO - OUTROS; NOME_DEPARTAMENTO=DECAP
01º D.P. PRAIA GRANDE-VL. TUPI,2023,4,Source: SSP-SP SPDadosCriminais XLSX; NATUREZA_APURADA=ROUBO - OUTROS; NOME_DEPARTAMENTO=DECAP
01º D.P. PRAIA GRANDE-VL. TUPI,2024,2,Source: SSP-SP SPDadosCriminais XLSX; NATUREZA_APURADA=ROUBO - OUTROS; NOME_DEPARTAMENTO=DECAP
01º D.P. RIBEIRAO PRETO,2023,1,Source: SSP-SP SPDadosCriminais XLSX; NATUREZA_APURADA=ROUBO - OUTROS; NOME_DEPARTAMENTO=DECAP
01º D.P. RIO CLARO,2023,2,Source: SSP-SP SPDadosCriminais XLSX; NATUREZA_APURADA=ROUBO - OUTROS; NOME_DEPARTAMENTO=DECAP
01º D.P. S. JOAO DA BOA VISTA,2022,1,Source: SSP-SP SPDadosCriminais XLSX; NATUREZA_APURADA=ROUBO - OUTROS; NOME_DEPARTAMENTO=DECAP
01º D.P. S.B.C-DR OMAR CASSIM,2022,6,Source: SSP-SP SPDadosCriminais XLSX; NATUREZA_APURADA=ROUBO - OUTROS; NOME_DEPARTAMENTO=DECAP
01º D.P. S.B.C-DR OMAR CASSIM,2023,4,Source: SSP-SP SPDadosCriminais XLSX; NATUREZA_APURADA=ROUBO - OUTROS; NOME_DEPARTAMENTO=DECAP
01º D.P. S.B.C-DR OMAR CASSIM,2024,3,Source: SSP-SP SPDadosCriminais XLSX; NATUREZA_APURADA=ROUBO - OUTROS; NOME_DEPARTAMENTO=DECAP
01º D.P. S.CAETANO DO SUL,2022,5,Source: SSP-SP SPDadosCriminais XLSX; NATUREZA_APURADA=ROUBO - OUTROS; NOME_DEPARTAMENTO=DECAP
01º D.P. S.CAETANO DO SUL,2023,9,Source: SSP-SP SPDadosCriminais XLSX; NATUREZA_APURADA=ROUBO - OUTROS; NOME_DEPARTAMENTO=DECAP
01º D.P. S.CAETANO DO SUL,2024,3,Source: SSP-SP SPDadosCriminais XLSX; NATUREZA_APURADA=ROUBO - OUTROS; NOME_DEPARTAMENTO=DECAP
01º D.P. S.CRUZ DO RIO PARDO,2022,1,Source: SSP-SP SPDadosCriminais XLSX; NATUREZA_APURADA=ROUBO - OUTROS; NOME_DEPARTAMENTO=DECAP
01º D.P. S.JOSE DOS CAMPOS,2022,1,Source: SSP-SP SPDadosCriminais XLSX; NATUREZA_APURADA=ROUBO - OUTROS; NOME_DEPARTAMENTO=DECAP
01º D.P. S.JOSE DOS CAMPOS,2023,1,Source: SSP-SP SPDadosCriminais XLSX; NATUREZA_APURADA=ROUBO - OUTROS; NOME_DEPARTAMENTO=DECAP
01º D.P. S.SEBASTIÃO,2022,1,Source: SSP-SP SPDadosCriminais XLSX; NATUREZA_APURADA=ROUBO - OUTROS; NOME_DEPARTAMENTO=DECAP
01º D.P. SANTO ANDRÉ,2022,10,Source: SSP-SP SPDadosCriminais XLSX; NATUREZA_APURADA=ROUBO - OUTROS; NOME_DEPARTAMENTO=DECAP
01º D.P. SANTO ANDRÉ,2023,6,Source: SSP-SP SPDadosCriminais XLSX; NATUREZA_APURADA=ROUBO - OUTROS; NOME_DEPARTAMENTO=DECAP
01º D.P. SANTO ANDRÉ,2024,3,Source: SSP-SP SPDadosCriminais XLSX; NATUREZA_APURADA=ROUBO - OUTROS; NOME_DEPARTAMENTO=DECAP
01º D.P. SANTOS,2022,1,Source: SSP-SP SPDadosCriminais XLSX; NATUREZA_APURADA=ROUBO - OUTROS; NOME_DEPARTAMENTO=DECAP
01º D.P. SANTOS,2024,1,Source: SSP-SP SPDadosCriminais XLSX; NATUREZA_APURADA=ROUBO - OUTROS; NOME_DEPARTAMENTO=DECAP
01º D.P. SE,2022,1105,Source: SSP-SP SPDadosCriminais XLSX; NATUREZA_APURADA=ROUBO - OUTROS; NOME_DEPARTAMENTO=DECAP
01º D.P. SE,2023,1020,Source: SSP-SP SPDadosCriminais XLSX; NATUREZA_APURADA=ROUBO - OUTROS; NOME_DEPARTAMENTO=DECAP
01º D.P. SE,2024,666,Source: SSP-SP SPDadosCriminais XLSX; NATUREZA_APURADA=ROUBO - OUTROS; NOME_DEPARTAMENTO=DECAP
01º D.P. SUMARE,2023,1,Source: SSP-SP SPDadosCriminais XLSX; NATUREZA_APURADA=ROUBO - OUTROS; NOME_DEPARTAMENTO=DECAP
01º D.P. SUZANO,2024,2,Source: SSP-SP SPDadosCriminais XLSX; NATUREZA_APURADA=ROUBO - OUTROS; NOME_DEPARTAMENTO=DECAP
01º D.P. SÃO VICENTE,2023,5,Source: SSP-SP SPDadosCriminais XLSX; NATUREZA_APURADA=ROUBO - OUTROS; NOME_DEPARTAMENTO=DECAP
01º D.P. SÃO VICENTE,2024,1,Source: SSP-SP SPDadosCriminais XLSX; NATUREZA_APURADA=ROUBO - OUTROS; NOME_DEPARTAMENTO=DECAP
01º D.P. TABOÃO DA SERRA,2022,39,Source: SSP-SP SPDadosCriminais XLSX; NATUREZA_APURADA=ROUBO - OUTROS; NOME_DEPARTAMENTO=DECAP
01º D.P. TABOÃO DA SERRA,2023,30,Source: SSP-SP SPDadosCriminais XLSX; NATUREZA_APURADA=ROUBO - OUTROS; NOME_DEPARTAMENTO=DECAP
01º D.P. TABOÃO DA SERRA,2024,31,Source: SSP-SP SPDadosCriminais XLSX; NATUREZA_APURADA=ROUBO - OUTROS; NOME_DEPARTAMENTO=DECAP
01º D.P. TAUBATE,2022,1,Source: SSP-SP SPDadosCriminais XLSX; NATUREZA_APURADA=ROUBO - OUTROS; NOME_DEPARTAMENTO=DECAP
01º D.P. VALINHOS,2022,1,Source: SSP-SP SPDadosCriminais XLSX; NATUREZA_APURADA=ROUBO - OUTROS; NOME_DEPARTAMENTO=DECAP
01º D.P. VALINHOS,2024,2,Source: SSP-SP SPDadosCriminais XLSX; NATUREZA_APURADA=ROUBO - OUTROS; NOME_DEPARTAMENTO=DECAP
01º DP MAUA-DR.ALFREDO GARBINO,2022,12,Source: SSP-SP SPDadosCriminais XLSX; NATUREZA_APURADA=ROUBO - OUTROS; NOME_DEPARTAMENTO=DECAP
01º DP MAUA-DR.ALFREDO GARBINO,2023,17,Source: SSP-SP SPDadosCriminais XLSX; NATUREZA_APURADA=ROUBO - OUTROS; NOME_DEPARTAMENTO=DECAP
01º DP MAUA-DR.ALFREDO GARBINO,2024,9,Source: SSP-SP SPDadosCriminais XLSX; NATUREZA_APURADA=ROUBO - OUTROS; NOME_DEPARTAMENTO=DECAP
02º D.P. ATIBAIA,2022,3,Source: SSP-SP SPDadosCriminais XLSX; NATUREZA_APURADA=ROUBO - OUTROS; NOME_DEPARTAMENTO=DECAP
02º D.P. ATIBAIA,2024,2,Source: SSP-SP SPDadosCriminais XLSX; NATUREZA_APURADA=ROUBO - OUTROS; NOME_DEPARTAMENTO=DECAP
02º D.P. BARUERI,2022,3,Source: SSP-SP SPDadosCriminais XLSX; NATUREZA_APURADA=ROUBO - OUTROS; NOME_DEPARTAMENTO=DECAP
02º D.P. BARUERI,2023,4,Source: SSP-SP SPDadosCriminais XLSX; NATUREZA_APURADA=ROUBO - OUTROS; NOME_DEPARTAMENTO=DECAP
02º D.P. BARUERI,2024,5,Source: SSP-SP SPDadosCriminais XLSX; NATUREZA_APURADA=ROUBO - OUTROS; NOME_DEPARTAMENTO=DECAP
02º D.P. BOM RETIRO,2022,177,Source: SSP-SP SPDadosCriminais XLSX; NATUREZA_APURADA=ROUBO - OUTROS; NOME_DEPARTAMENTO=DECAP
02º D.P. BOM RETIRO,2023,152,Source: SSP-SP SPDadosCriminais XLSX; NATUREZA_APURADA=ROUBO - OUTROS; NOME_DEPARTAMENTO=DECAP
02º D.P. BOM RETIRO,2024,123,Source: SSP-SP SPDadosCriminais XLSX; NATUREZA_APURADA=ROUBO - OUTROS; NOME_DEPARTAMENTO=DECAP
02º D.P. BRAGANÇA PAULISTA,2023,1,Source: SSP-SP SPDadosCriminais XLSX; NATUREZA_APURADA=ROUBO - OUTROS; NOME_DEPARTAMENTO=DECAP
02º D.P. CAMPINAS,2024,1,Source: SSP-SP SPDadosCriminais XLSX; NATUREZA_APURADA=ROUBO - OUTROS; NOME_DEPARTAMENTO=DECAP
02º D.P. CARAGUATATUBA,2022,1,Source: SSP-SP SPDadosCriminais XLSX; NATUREZA_APURADA=ROUBO - OUTROS; NOME_DEPARTAMENTO=DECAP
02º D.P. CARAPICUIBA,2022,10,Source: SSP-SP SPDadosCriminais XLSX; NATUREZA_APURADA=ROUBO - OUTROS; NOME_DEPARTAMENTO=DECAP
02º D.P. CARAPICUIBA,2023,11,Source: SSP-SP SPDadosCriminais XLSX; NATUREZA_APURADA=ROUBO - OUTROS; NOME_DEPARTAMENTO=DECAP
02º D.P. CARAPICUIBA,2024,6,Source: SSP-SP SPDadosCriminais XLSX; NATUREZA_APURADA=ROUBO - OUTROS; NOME_DEPARTAMENTO=DECAP
02º D.P. COTIA,2022,13,Source: SSP-SP SPDadosCriminais XLSX; NATUREZA_APURADA=ROUBO - OUTROS; NOME_DEPARTAMENTO=DECAP
02º D.P. COTIA,2023,4,Source: SSP-SP SPDadosCriminais XLSX; NATUREZA_APURADA=ROUBO - OUTROS; NOME_DEPARTAMENTO=DECAP
02º D.P. COTIA,2024,4,Source: SSP-SP SPDadosCriminais XLSX; NATUREZA_APURADA=ROUBO - OUTROS; NOME_DEPARTAMENTO=DECAP
02º D.P. CUBATÃO,2023,1,Source: SSP-SP SPDadosCriminais XLSX; NATUREZA_APURADA=ROUBO - OUTROS; NOME_DEPARTAMENTO=DECAP
02º D.P. CUBATÃO,2024,2,Source: SSP-SP SPDadosCriminais XLSX; NATUREZA_APURADA=ROUBO - OUTROS; NOME_DEPARTAMENTO=DECAP
02º D.P. DIADEMA,2022,10,Source: SSP-SP SPDadosCriminais XLSX; NATUREZA_APURADA=ROUBO - OUTROS; NOME_DEPARTAMENTO=DECAP
02º D.P. DIADEMA,2023,7,Source: SSP-SP SPDadosCriminais XLSX; NATUREZA_APURADA=ROUBO - OUTROS; NOME_DEPARTAMENTO=DECAP
02º D.P. DIADEMA,2024,4,Source: SSP-SP SPDadosCriminais XLSX; NATUREZA_APURADA=ROUBO - OUTROS; NOME_DEPARTAMENTO=DECAP
02º D.P. GUARUJA,2022,1,Source: SSP-SP SPDadosCriminais XLSX; NATUREZA_APURADA=ROUBO - OUTROS; NOME_DEPARTAMENTO=DECAP
02º D.P. GUARUJA,2023,2,Source: SSP-SP SPDadosCriminais XLSX; NATUREZA_APURADA=ROUBO - OUTROS; NOME_DEPARTAMENTO=DECAP
02º D.P. GUARUJA,2024,1,Source: SSP-SP SPDadosCriminais XLSX; NATUREZA_APURADA=ROUBO - OUTROS; NOME_DEPARTAMENTO=DECAP
02º D.P. GUARULHOS,2022,8,Source: SSP-SP SPDadosCriminais XLSX; NATUREZA_APURADA=ROUBO - OUTROS; NOME_DEPARTAMENTO=DECAP
02º D.P. GUARULHOS,2023,11,Source: SSP-SP SPDadosCriminais XLSX; NATUREZA_APURADA=ROUBO - OUTROS; NOME_DEPARTAMENTO=DECAP
02º D.P. GUARULHOS,2024,9,Source: SSP-SP SPDadosCriminais XLSX; NATUREZA_APURADA=ROUBO - OUTROS; NOME_DEPARTAMENTO=DECAP
02º D.P. ITANHAEM,2022,2,Source: SSP-SP SPDadosCriminais XLSX; NATUREZA_APURADA=ROUBO - OUTROS; NOME_DEPARTAMENTO=DECAP
02º D.P. ITANHAEM,2023,2,Source: SSP-SP SPDadosCriminais XLSX; NATUREZA_APURADA=ROUBO - OUTROS; NOME_DEPARTAMENTO=DECAP
02º D.P. ITANHAEM,2024,1,Source: SSP-SP SPDadosCriminais XLSX; NATUREZA_APURADA=ROUBO - OUTROS; NOME_DEPARTAMENTO=DECAP
02º D.P. JACAREI,2022,4,Source: SSP-SP SPDadosCriminais XLSX; NATUREZA_APURADA=ROUBO - OUTROS; NOME_DEPARTAMENTO=DECAP
02º D.P. JACAREI,2023,1,Source: SSP-SP SPDadosCriminais XLSX; NATUREZA_APURADA=ROUBO - OUTROS; NOME_DEPARTAMENTO=DECAP
02º D.P. JACAREI,2024,1,Source: SSP-SP SPDadosCriminais XLSX; NATUREZA_APURADA=ROUBO - OUTROS; NOME_DEPARTAMENTO=DECAP
02º D.P. LEME,2023,1,Source: SSP-SP SPDadosCriminais XLSX; NATUREZA_APURADA=ROUBO - OUTROS; NOME_DEPARTAMENTO=DECAP
02º D.P. LIMEIRA,2022,2,Source: SSP-SP SPDadosCriminais XLSX; NATUREZA_APURADA=ROUBO - OUTROS; NOME_DEPARTAMENTO=DECAP
02º D.P. LIMEIRA,2024,1,Source: SSP-SP SPDadosCriminais XLSX; NATUREZA_APURADA=ROUBO - OUTROS; NOME_DEPARTAMENTO=DECAP
02º D.P. LORENA,2024,1,Source: SSP-SP SPDadosCriminais XLSX; NATUREZA_APURADA=ROUBO - OUTROS; NOME_DEPARTAMENTO=DECAP
02º D.P. MAUA,2022,2,Source: SSP-SP SPDadosCriminais XLSX; NATUREZA_APURADA=ROUBO - OUTROS; NOME_DEPARTAMENTO=DECAP
02º D.P. MAUA,2023,2,Source: SSP-SP SPDadosCriminais XLSX; NATUREZA_APURADA=ROUBO - OUTROS; NOME_DEPARTAMENTO=DECAP
02º D.P. MOGI DAS CRUZES,2022,4,Source: SSP-SP SPDadosCriminais XLSX; NATUREZA_APURADA=ROUBO - OUTROS; NOME_DEPARTAMENTO=DECAP
02º D.P. MOGI DAS CRUZES,2023,1,Source: SSP-SP SPDadosCriminais XLSX; NATUREZA_APURADA=ROUBO - OUTROS; NOME_DEPARTAMENTO=DECAP
02º D.P. MOGI DAS CRUZES,2024,1,Source: SSP-SP SPDadosCriminais XLSX; NATUREZA_APURADA=ROUBO - OUTROS; NOME_DEPARTAMENTO=DECAP
02º D.P. MONGAGUA,2022,2,Source: SSP-SP SPDadosCriminais XLSX; NATUREZA_APURADA=ROUBO - OUTROS; NOME_DEPARTAMENTO=DECAP
02º D.P. MONGAGUA,2023,4,Source: SSP-SP SPDadosCriminais XLSX; NATUREZA_APURADA=ROUBO - OUTROS; NOME_DEPARTAMENTO=DECAP
02º D.P. MONGAGUA,2024,1,Source: SSP-SP SPDadosCriminais XLSX; NATUREZA_APURADA=ROUBO - OUTROS; NOME_DEPARTAMENTO=DECAP
02º D.P. OSASCO,2022,29,Source: SSP-SP SPDadosCriminais XLSX; NATUREZA_APURADA=ROUBO - OUTROS; NOME_DEPARTAMENTO=DECAP
02º D.P. OSASCO,2023,27,Source: SSP-SP SPDadosCriminais XLSX; NATUREZA_APURADA=ROUBO - OUTROS; NOME_DEPARTAMENTO=DECAP
02º D.P. OSASCO,2024,9,Source: SSP-SP SPDadosCriminais XLSX; NATUREZA_APURADA=ROUBO - OUTROS; NOME_DEPARTAMENTO=DECAP
02º D.P. PIRACICABA,2023,1,Source: SSP-SP SPDadosCriminais XLSX; NATUREZA_APURADA=ROUBO - OUTROS; NOME_DEPARTAMENTO=DECAP
02º D.P. PIRACICABA,2024,1,Source: SSP-SP SPDadosCriminais XLSX; NATUREZA_APURADA=ROUBO - OUTROS; NOME_DEPARTAMENTO=DECAP
02º D.P. PIRASSUNUNGA,2022,1,Source: SSP-SP SPDadosCriminais XLSX; NATUREZA_APURADA=ROUBO - OUTROS; NOME_DEPARTAMENTO=DECAP
02º D.P. RIBEIRAO PRETO,2023,2,Source: SSP-SP SPDadosCriminais XLSX; NATUREZA_APURADA=ROUBO - OUTROS; NOME_DEPARTAMENTO=DECAP
02º D.P. RIO CLARO,2023,1,Source: SSP-SP SPDadosCriminais XLSX; NATUREZA_APURADA=ROUBO - OUTROS; NOME_DEPARTAMENTO=DECAP
02º D.P. S. JOAQUIM DA BARRA,2022,1,Source: SSP-SP SPDadosCriminais XLSX; NATUREZA_APURADA=ROUBO - OUTROS; NOME_DEPARTAMENTO=DECAP
02º D.P. S. SEBASTIAO,2022,1,Source: SSP-SP SPDadosCriminais XLSX; NATUREZA_APURADA=ROUBO - OUTROS; NOME_DEPARTAMENTO=DECAP
02º D.P. S. SEBASTIAO,2023,2,Source: SSP-SP SPDadosCriminais XLSX; NATUREZA_APURADA=ROUBO - OUTROS; NOME_DEPARTAMENTO=DECAP
02º D.P. S.BERNARDO DO CAMPO,2022,3,Source: SSP-SP SPDadosCriminais XLSX; NATUREZA_APURADA=ROUBO - OUTROS; NOME_DEPARTAMENTO=DECAP
02º D.P. S.BERNARDO DO CAMPO,2023,8,Source: SSP-SP SPDadosCriminais XLSX; NATUREZA_APURADA=ROUBO - OUTROS; NOME_DEPARTAMENTO=DECAP
02º D.P. S.BERNARDO DO CAMPO,2024,4,Source: SSP-SP SPDadosCriminais XLSX; NATUREZA_APURADA=ROUBO - OUTROS; NOME_DEPARTAMENTO=DECAP
02º D.P. S.CAETANO DO SUL,2022,6,Source: SSP-SP SPDadosCriminais XLSX; NATUREZA_APURADA=ROUBO - OUTROS; NOME_DEPARTAMENTO=DECAP
02º D.P. S.CAETANO DO SUL,2023,4,Source: SSP-SP SPDadosCriminais XLSX; NATUREZA_APURADA=ROUBO - OUTROS; NOME_DEPARTAMENTO=DECAP
02º D.P. S.CAETANO DO SUL,2024,1,Source: SSP-SP SPDadosCriminais XLSX; NATUREZA_APURADA=ROUBO - OUTROS; NOME_DEPARTAMENTO=DECAP
02º D.P. SANTO ANDRÉ,2022,16,Source: SSP-SP SPDadosCriminais XLSX; NATUREZA_APURADA=ROUBO - OUTROS; NOME_DEPARTAMENTO=DECAP
02º D.P. SANTO ANDRÉ,2023,18,Source: SSP-SP SPDadosCriminais XLSX; NATUREZA_APURADA=ROUBO - OUTROS; NOME_DEPARTAMENTO=DECAP
02º D.P. SANTO ANDRÉ,2024,13,Source: SSP-SP SPDadosCriminais XLSX; NATUREZA_APURADA=ROUBO - OUTROS; NOME_DEPARTAMENTO=DECAP
02º D.P. SANTOS,2023,2,Source: SSP-SP SPDadosCriminais XLSX; NATUREZA_APURADA=ROUBO - OUTROS; NOME_DEPARTAMENTO=DECAP
02º D.P. SANTOS,2024,1,Source: SSP-SP SPDadosCriminais XLSX; NATUREZA_APURADA=ROUBO - OUTROS; NOME_DEPARTAMENTO=DECAP
02º D.P. SOROCABA,2022,1,Source: SSP-SP SPDadosCriminais XLSX; NATUREZA_APURADA=ROUBO - OUTROS; NOME_DEPARTAMENTO=DECAP
02º D.P. SUZANO,2022,6,Source: SSP-SP SPDadosCriminais XLSX; NATUREZA_APURADA=ROUBO - OUTROS; NOME_DEPARTAMENTO=DECAP
02º D.P. SUZANO,2023,6,Source: SSP-SP SPDadosCriminais XLSX; NATUREZA_APURADA=ROUBO - OUTROS; NOME_DEPARTAMENTO=DECAP
02º D.P. SUZANO,2024,3,Source: SSP-SP SPDadosCriminais XLSX; NATUREZA_APURADA=ROUBO - OUTROS; NOME_DEPARTAMENTO=DECAP
02º D.P. SÃO VICENTE,2023,12,Source: SSP-SP SPDadosCriminais XLSX; NATUREZA_APURADA=ROUBO - OUTROS; NOME_DEPARTAMENTO=DECAP
02º D.P. SÃO VICENTE,2024,7,Source: SSP-SP SPDadosCriminais XLSX; NATUREZA_APURADA=ROUBO - OUTROS; NOME_DEPARTAMENTO=DECAP
02º D.P. TABOÃO DA SERRA,2022,22,Source: SSP-SP SPDadosCriminais XLSX; NATUREZA_APURADA=ROUBO - OUTROS; NOME_DEPARTAMENTO=DECAP
02º D.P. TABOÃO DA SERRA,2023,26,Source: SSP-SP SPDadosCriminais XLSX; NATUREZA_APURADA=ROUBO - OUTROS; NOME_DEPARTAMENTO=DECAP
02º D.P. TABOÃO DA SERRA,2024,16,Source: SSP-SP SPDadosCriminais XLSX; NATUREZA_APURADA=ROUBO - OUTROS; NOME_DEPARTAMENTO=DECAP
02º D.P.PRAIA GRANDE-BOQUEIRÃO,2022,5,Source: SSP-SP SPDadosCriminais XLSX; NATUREZA_APURADA=ROUBO - OUTROS; NOME_DEPARTAMENTO=DECAP
02º D.P.PRAIA GRANDE-BOQUEIRÃO,2023,10,Source: SSP-SP SPDadosCriminais XLSX; NATUREZA_APURADA=ROUBO - OUTROS; NOME_DEPARTAMENTO=DECAP
02º D.P.PRAIA GRANDE-BOQUEIRÃO,2024,3,Source: SSP-SP SPDadosCriminais XLSX; NATUREZA_APURADA=ROUBO - OUTROS; NOME_DEPARTAMENTO=DECAP
03º D.P. AEROP/TUR-GUARULHOS,2022,1,Source: SSP-SP SPDadosCriminais XLSX; NATUREZA_APURADA=ROUBO - OUTROS; NOME_DEPARTAMENTO=DECAP
03º D.P. AEROP/TUR-GUARULHOS,2023,4,Source: SSP-SP SPDadosCriminais XLSX; NATUREZA_APURADA=ROUBO - OUTROS; NOME_DEPARTAMENTO=DECAP
03º D.P. AEROP/TUR-GUARULHOS,2024,1,Source: SSP-SP SPDadosCriminais XLSX; NATUREZA_APURADA=ROUBO - OUTROS; NOME_DEPARTAMENTO=DECAP
03º D.P. AMERICANA,2024,1,Source: SSP-SP SPDadosCriminais XLSX; NATUREZA_APURADA=ROUBO - OUTROS; NOME_DEPARTAMENTO=DECAP
03º D.P. ATIBAIA,2022,1,Source: SSP-SP SPDadosCriminais XLSX; NATUREZA_APURADA=ROUBO - OUTROS; NOME_DEPARTAMENTO=DECAP
03º D.P. ATIBAIA,2023,1,Source: SSP-SP SPDadosCriminais XLSX; NATUREZA_APURADA=ROUBO - OUTROS; NOME_DEPARTAMENTO=DECAP
03º D.P. ATIBAIA,2024,1,Source: SSP-SP SPDadosCriminais XLSX; NATUREZA_APURADA=ROUBO - OUTROS; NOME_DEPARTAMENTO=DECAP
03º D.P. BRAGANÇA PAULISTA,2022,1,Source: SSP-SP SPDadosCriminais XLSX; NATUREZA_APURADA=ROUBO - OUTROS; NOME_DEPARTAMENTO=DECAP
03º D.P. CAMPINAS,2022,1,Source: SSP-SP SPDadosCriminais XLSX; NATUREZA_APURADA=ROUBO - OUTROS; NOME_DEPARTAMENTO=DECAP
03º D.P. CAMPINAS,2024,1,Source: SSP-SP SPDadosCriminais XLSX; NATUREZA_APURADA=ROUBO - OUTROS; NOME_DEPARTAMENTO=DECAP
03º D.P. CAMPOS ELISEOS,2022,1480,Source: SSP-SP SPDadosCriminais XLSX; NATUREZA_APURADA=ROUBO - OUTROS; NOME_DEPARTAMENTO=DECAP
03º D.P. CAMPOS ELISEOS,2023,1172,Source: SSP-SP SPDadosCriminais XLSX; NATUREZA_APURADA=ROUBO - OUTROS; NOME_DEPARTAMENTO=DECAP
03º D.P. CAMPOS ELISEOS,2024,707,Source: SSP-SP SPDadosCriminais XLSX; NATUREZA_APURADA=ROUBO - OUTROS; NOME_DEPARTAMENTO=DECAP
03º D.P. CARAPICUIBA,2022,3,Source: SSP-SP SPDadosCriminais XLSX; NATUREZA_APURADA=ROUBO - OUTROS; NOME_DEPARTAMENTO=DECAP
03º D.P. CARAPICUIBA,2023,3,Source: SSP-SP SPDadosCriminais XLSX; NATUREZA_APURADA=ROUBO - OUTROS; NOME_DEPARTAMENTO=DECAP
03º D.P. DIADEMA,2022,13,Source: SSP-SP SPDadosCriminais XLSX; NATUREZA_APURADA=ROUBO - OUTROS; NOME_DEPARTAMENTO=DECAP
03º D.P. DIADEMA,2023,14,Source: SSP-SP SPDadosCriminais XLSX; NATUREZA_APURADA=ROUBO - OUTROS; NOME_DEPARTAMENTO=DECAP
03º D.P. DIADEMA,2024,8,Source: SSP-SP SPDadosCriminais XLSX; NATUREZA_APURADA=ROUBO - OUTROS; NOME_DEPARTAMENTO=DECAP
03º D.P. GUARULHOS,2022,3,Source: SSP-SP SPDadosCriminais XLSX; NATUREZA_APURADA=ROUBO - OUTROS; NOME_DEPARTAMENTO=DECAP
03º D.P. GUARULHOS,2024,5,Source: SSP-SP SPDadosCriminais XLSX; NATUREZA_APURADA=ROUBO - OUTROS; NOME_DEPARTAMENTO=DECAP
03º D.P. ITANHAEM,2023,4,Source: SSP-SP SPDadosCriminais XLSX; NATUREZA_APURADA=ROUBO - OUTROS; NOME_DEPARTAMENTO=DECAP
03º D.P. ITANHAEM,2024,3,Source: SSP-SP SPDadosCriminais XLSX; NATUREZA_APURADA=ROUBO - OUTROS; NOME_DEPARTAMENTO=DECAP
03º D.P. ITAPEVA,2023,1,Source: SSP-SP SPDadosCriminais XLSX; NATUREZA_APURADA=ROUBO - OUTROS; NOME_DEPARTAMENTO=DECAP
03º D.P. JACAREI,2022,2,Source: SSP-SP SPDadosCriminais XLSX; NATUREZA_APURADA=ROUBO - OUTROS; NOME_DEPARTAMENTO=DECAP
03º D.P. LIMEIRA,2022,1,Source: SSP-SP SPDadosCriminais XLSX; NATUREZA_APURADA=ROUBO - OUTROS; NOME_DEPARTAMENTO=DECAP
03º D.P. LIMEIRA,2023,1,Source: SSP-SP SPDadosCriminais XLSX; NATUREZA_APURADA=ROUBO - OUTROS; NOME_DEPARTAMENTO=DECAP
03º D.P. LIMEIRA,2024,2,Source: SSP-SP SPDadosCriminais XLSX; NATUREZA_APURADA=ROUBO - OUTROS; NOME_DEPARTAMENTO=DECAP
03º D.P. MAUA,2022,5,Source: SSP-SP SPDadosCriminais XLSX; NATUREZA_APURADA=ROUBO - OUTROS; NOME_DEPARTAMENTO=DECAP
03º D.P. MAUA,2023,6,Source: SSP-SP SPDadosCriminais XLSX; NATUREZA_APURADA=ROUBO - OUTROS; NOME_DEPARTAMENTO=DECAP
03º D.P. MAUA,2024,1,Source: SSP-SP SPDadosCriminais XLSX; NATUREZA_APURADA=ROUBO - OUTROS; NOME_DEPARTAMENTO=DECAP
03º D.P. MOGI DAS CRUZES,2022,1,Source: SSP-SP SPDadosCriminais XLSX; NATUREZA_APURADA=ROUBO - OUTROS; NOME_DEPARTAMENTO=DECAP
03º D.P. OSASCO,2022,11,Source: SSP-SP SPDadosCriminais XLSX; NATUREZA_APURADA=ROUBO - OUTROS; NOME_DEPARTAMENTO=DECAP
03º D.P. OSASCO,2024,3,Source: SSP-SP SPDadosCriminais XLSX; NATUREZA_APURADA=ROUBO - OUTROS; NOME_DEPARTAMENTO=DECAP
03º D.P. PRAIA GRANDE,2022,8,Source: SSP-SP SPDadosCriminais XLSX; NATUREZA_APURADA=ROUBO - OUTROS; NOME_DEPARTAMENTO=DECAP
03º D.P. PRAIA GRANDE,2023,6,Source: SSP-SP SPDadosCriminais XLSX; NATUREZA_APURADA=ROUBO - OUTROS; NOME_DEPARTAMENTO=DECAP
03º D.P. PRAIA GRANDE-CAIÇARA,2024,4,Source: SSP-SP SPDadosCriminais XLSX; NATUREZA_APURADA=ROUBO - OUTROS; NOME_DEPARTAMENTO=DECAP
03º D.P. RIBEIRAO PRETO,2022,1,Source: SSP-SP SPDadosCriminais XLSX; NATUREZA_APURADA=ROUBO - OUTROS; NOME_DEPARTAMENTO=DECAP
03º D.P. S.BERNARDO DO CAMPO,2022,6,Source: SSP-SP SPDadosCriminais XLSX; NATUREZA_APURADA=ROUBO - OUTROS; NOME_DEPARTAMENTO=DECAP
03º D.P. S.BERNARDO DO CAMPO,2023,6,Source: SSP-SP SPDadosCriminais XLSX; NATUREZA_APURADA=ROUBO - OUTROS; NOME_DEPARTAMENTO=DECAP
03º D.P. S.BERNARDO DO CAMPO,2024,3,Source: SSP-SP SPDadosCriminais XLSX; NATUREZA_APURADA=ROUBO - OUTROS; NOME_DEPARTAMENTO=DECAP
03º D.P. SANTO ANDRÉ,2022,7,Source: SSP-SP SPDadosCriminais XLSX; NATUREZA_APURADA=ROUBO - OUTROS; NOME_DEPARTAMENTO=DECAP
03º D.P. SANTO ANDRÉ,2023,9,Source: SSP-SP SPDadosCriminais XLSX; NATUREZA_APURADA=ROUBO - OUTROS; NOME_DEPARTAMENTO=DECAP
03º D.P. SANTO ANDRÉ,2024,8,Source: SSP-SP SPDadosCriminais XLSX; NATUREZA_APURADA=ROUBO - OUTROS; NOME_DEPARTAMENTO=DECAP
03º D.P. SANTOS,2023,1,Source: SSP-SP SPDadosCriminais XLSX; NATUREZA_APURADA=ROUBO - OUTROS; NOME_DEPARTAMENTO=DECAP
03º D.P. SANTOS,2024,1,Source: SSP-SP SPDadosCriminais XLSX; NATUREZA_APURADA=ROUBO - OUTROS; NOME_DEPARTAMENTO=DECAP
03º D.P. SOROCABA,2022,1,Source: SSP-SP SPDadosCriminais XLSX; NATUREZA_APURADA=ROUBO - OUTROS; NOME_DEPARTAMENTO=DECAP
03º D.P. SUMARE,2023,1,Source: SSP-SP SPDadosCriminais XLSX; NATUREZA_APURADA=ROUBO - OUTROS; NOME_DEPARTAMENTO=DECAP
03º D.P. SUMARE,2024,1,Source: SSP-SP SPDadosCriminais XLSX; NATUREZA_APURADA=ROUBO - OUTROS; NOME_DEPARTAMENTO=DECAP
03º D.P. SÃO VICENTE,2022,1,Source: SSP-SP SPDadosCriminais XLSX; NATUREZA_APURADA=ROUBO - OUTROS; NOME_DEPARTAMENTO=DECAP
03º D.P. SÃO VICENTE,2023,2,Source: SSP-SP SPDadosCriminais XLSX; NATUREZA_APURADA=ROUBO - OUTROS; NOME_DEPARTAMENTO=DECAP
03º D.P. SÃO VICENTE,2024,7,Source: SSP-SP SPDadosCriminais XLSX; NATUREZA_APURADA=ROUBO - OUTROS; NOME_DEPARTAMENTO=DECAP
04º D.P. AMERICANA,2023,1,Source: SSP-SP SPDadosCriminais XLSX; NATUREZA_APURADA=ROUBO - OUTROS; NOME_DEPARTAMENTO=DECAP
04º D.P. AMERICANA,2024,1,Source: SSP-SP SPDadosCriminais XLSX; NATUREZA_APURADA=ROUBO - OUTROS; NOME_DEPARTAMENTO=DECAP
04º D.P. ARARAQUARA,2022,1,Source: SSP-SP SPDadosCriminais XLSX; NATUREZA_APURADA=ROUBO - OUTROS; NOME_DEPARTAMENTO=DECAP
04º D.P. ARARAQUARA,2023,1,Source: SSP-SP SPDadosCriminais XLSX; NATUREZA_APURADA=ROUBO - OUTROS; NOME_DEPARTAMENTO=DECAP
04º D.P. CAMPINAS,2023,2,Source: SSP-SP SPDadosCriminais XLSX; NATUREZA_APURADA=ROUBO - OUTROS; NOME_DEPARTAMENTO=DECAP
04º D.P. CONSOLAÇÃO,2022,391,Source: SSP-SP SPDadosCriminais XLSX; NATUREZA_APURADA=ROUBO - OUTROS; NOME_DEPARTAMENTO=DECAP
04º D.P. CONSOLAÇÃO,2023,377,Source: SSP-SP SPDadosCriminais XLSX; NATUREZA_APURADA=ROUBO - OUTROS; NOME_DEPARTAMENTO=DECAP
04º D.P. CONSOLAÇÃO,2024,313,Source: SSP-SP SPDadosCriminais XLSX; NATUREZA_APURADA=ROUBO - OUTROS; NOME_DEPARTAMENTO=DECAP
04º D.P. DIADEMA,2022,14,Source: SSP-SP SPDadosCriminais XLSX; NATUREZA_APURADA=ROUBO - OUTROS; NOME_DEPARTAMENTO=DECAP
04º D.P. DIADEMA,2023,8,Source: SSP-SP SPDadosCriminais XLSX; NATUREZA_APURADA=ROUBO - OUTROS; NOME_DEPARTAMENTO=DECAP
04º D.P. DIADEMA,2024,7,Source: SSP-SP SPDadosCriminais XLSX; NATUREZA_APURADA=ROUBO - OUTROS; NOME_DEPARTAMENTO=DECAP
04º D.P. GUARULHOS,2022,29,Source: SSP-SP SPDadosCriminais XLSX; NATUREZA_APURADA=ROUBO - OUTROS; NOME_DEPARTAMENTO=DECAP
04º D.P. GUARULHOS,2023,31,Source: SSP-SP SPDadosCriminais XLSX; NATUREZA_APURADA=ROUBO - OUTROS; NOME_DEPARTAMENTO=DECAP
04º D.P. GUARULHOS,2024,36,Source: SSP-SP SPDadosCriminais XLSX; NATUREZA_APURADA=ROUBO - OUTROS; NOME_DEPARTAMENTO=DECAP
04º D.P. ITAPETININGA,2022,1,Source: SSP-SP SPDadosCriminais XLSX; NATUREZA_APURADA=ROUBO - OUTROS; NOME_DEPARTAMENTO=DECAP
04º D.P. ITU,2022,1,Source: SSP-SP SPDadosCriminais XLSX; NATUREZA_APURADA=ROUBO - OUTROS; NOME_DEPARTAMENTO=DECAP
04º D.P. ITU,2023,2,Source: SSP-SP SPDadosCriminais XLSX; NATUREZA_APURADA=ROUBO - OUTROS; NOME_DEPARTAMENTO=DECAP
04º D.P. ITU,2024,2,Source: SSP-SP SPDadosCriminais XLSX; NATUREZA_APURADA=ROUBO - OUTROS; NOME_DEPARTAMENTO=DECAP
04º D.P. JACAREI,2022,4,Source: SSP-SP SPDadosCriminais XLSX; NATUREZA_APURADA=ROUBO - OUTROS; NOME_DEPARTAMENTO=DECAP
04º D.P. JACAREI,2023,1,Source: SSP-SP SPDadosCriminais XLSX; NATUREZA_APURADA=ROUBO - OUTROS; NOME_DEPARTAMENTO=DECAP
04º D.P. LIMEIRA,2022,1,Source: SSP-SP SPDadosCriminais XLSX; NATUREZA_APURADA=ROUBO - OUTROS; NOME_DEPARTAMENTO=DECAP
04º D.P. LIMEIRA,2024,1,Source: SSP-SP SPDadosCriminais XLSX; NATUREZA_APURADA=ROUBO - OUTROS; NOME_DEPARTAMENTO=DECAP
04º D.P. MAUA,2022,4,Source: SSP-SP SPDadosCriminais XLSX; NATUREZA_APURADA=ROUBO - OUTROS; NOME_DEPARTAMENTO=DECAP
04º D.P. MAUA,2023,7,Source: SSP-SP SPDadosCriminais XLSX; NATUREZA_APURADA=ROUBO - OUTROS; NOME_DEPARTAMENTO=DECAP
04º D.P. MOGI DAS CRUZES,2024,1,Source: SSP-SP SPDadosCriminais XLSX; NATUREZA_APURADA=ROUBO - OUTROS; NOME_DEPARTAMENTO=DECAP
04º D.P. OSASCO,2022,5,Source: SSP-SP SPDadosCriminais XLSX; NATUREZA_APURADA=ROUBO - OUTROS; NOME_DEPARTAMENTO=DECAP
04º D.P. OSASCO,2023,2,Source: SSP-SP SPDadosCriminais XLSX; NATUREZA_APURADA=ROUBO - OUTROS; NOME_DEPARTAMENTO=DECAP
04º D.P. OSASCO,2024,2,Source: SSP-SP SPDadosCriminais XLSX; NATUREZA_APURADA=ROUBO - OUTROS; NOME_DEPARTAMENTO=DECAP
04º D.P. S. SEBASTIÃO,2022,1,Source: SSP-SP SPDadosCriminais XLSX; NATUREZA_APURADA=ROUBO - OUTROS; NOME_DEPARTAMENTO=DECAP
04º D.P. S.BERNARDO DO CAMPO,2022,2,Source: SSP-SP SPDadosCriminais XLSX; NATUREZA_APURADA=ROUBO - OUTROS; NOME_DEPARTAMENTO=DECAP
04º D.P. S.BERNARDO DO CAMPO,2023,2,Source: SSP-SP SPDadosCriminais XLSX; NATUREZA_APURADA=ROUBO - OUTROS; NOME_DEPARTAMENTO=DECAP
04º D.P. S.BERNARDO DO CAMPO,2024,4,Source: SSP-SP SPDadosCriminais XLSX; NATUREZA_APURADA=ROUBO - OUTROS; NOME_DEPARTAMENTO=DECAP
04º D.P. SANTO ANDRÉ,2022,11,Source: SSP-SP SPDadosCriminais XLSX; NATUREZA_APURADA=ROUBO - OUTROS; NOME_DEPARTAMENTO=DECAP
04º D.P. SANTO ANDRÉ,2023,7,Source: SSP-SP SPDadosCriminais XLSX; NATUREZA_APURADA=ROUBO - OUTROS; NOME_DEPARTAMENTO=DECAP
04º D.P. SANTO ANDRÉ,2024,10,Source: SSP-SP SPDadosCriminais XLSX; NATUREZA_APURADA=ROUBO - OUTROS; NOME_DEPARTAMENTO=DECAP
04º D.P. SANTOS,2023,1,Source: SSP-SP SPDadosCriminais XLSX; NATUREZA_APURADA=ROUBO - OUTROS; NOME_DEPARTAMENTO=DECAP
04º D.P. SOROCABA,2022,2,Source: SSP-SP SPDadosCriminais XLSX; NATUREZA_APURADA=ROUBO - OUTROS; NOME_DEPARTAMENTO=DECAP
04º D.P. SÃO CARLOS,2022,2,Source: SSP-SP SPDadosCriminais XLSX; NATUREZA_APURADA=ROUBO - OUTROS; NOME_DEPARTAMENTO=DECAP
05º D.P. ACLIMACAO,2022,232,Source: SSP-SP SPDadosCriminais XLSX; NATUREZA_APURADA=ROUBO - OUTROS; NOME_DEPARTAMENTO=DECAP
05º D.P. ACLIMACAO,2023,246,Source: SSP-SP SPDadosCriminais XLSX; NATUREZA_APURADA=ROUBO - OUTROS; NOME_DEPARTAMENTO=DECAP
05º D.P. ACLIMACAO,2024,211,Source: SSP-SP SPDadosCriminais XLSX; NATUREZA_APURADA=ROUBO - OUTROS; NOME_DEPARTAMENTO=DECAP
05º D.P. CAMPINAS,2023,1,Source: SSP-SP SPDadosCriminais XLSX; NATUREZA_APURADA=ROUBO - OUTROS; NOME_DEPARTAMENTO=DECAP
05º D.P. GUARULHOS,2022,10,Source: SSP-SP SPDadosCriminais XLSX; NATUREZA_APURADA=ROUBO - OUTROS; NOME_DEPARTAMENTO=DECAP
05º D.P. GUARULHOS,2023,19,Source: SSP-SP SPDadosCriminais XLSX; NATUREZA_APURADA=ROUBO - OUTROS; NOME_DEPARTAMENTO=DECAP
05º D.P. GUARULHOS,2024,14,Source: SSP-SP SPDadosCriminais XLSX; NATUREZA_APURADA=ROUBO - OUTROS; NOME_DEPARTAMENTO=DECAP
05º D.P. JUNDIAI,2023,1,Source: SSP-SP SPDadosCriminais XLSX; NATUREZA_APURADA=ROUBO - OUTROS; NOME_DEPARTAMENTO=DECAP
05º D.P. OSASCO,2022,8,Source: SSP-SP SPDadosCriminais XLSX; NATUREZA_APURADA=ROUBO - OUTROS; NOME_DEPARTAMENTO=DECAP
05º D.P. OSASCO,2023,8,Source: SSP-SP SPDadosCriminais XLSX; NATUREZA_APURADA=ROUBO - OUTROS; NOME_DEPARTAMENTO=DECAP
05º D.P. OSASCO,2024,10,Source: SSP-SP SPDadosCriminais XLSX; NATUREZA_APURADA=ROUBO - OUTROS; NOME_DEPARTAMENTO=DECAP
05º D.P. S.BERNARDO DO CAMPO,2022,3,Source: SSP-SP SPDadosCriminais XLSX; NATUREZA_APURADA=ROUBO - OUTROS; NOME_DEPARTAMENTO=DECAP
05º D.P. S.BERNARDO DO CAMPO,2023,2,Source: SSP-SP SPDadosCriminais XLSX; NATUREZA_APURADA=ROUBO - OUTROS; NOME_DEPARTAMENTO=DECAP
05º D.P. S.BERNARDO DO CAMPO,2024,1,Source: SSP-SP SPDadosCriminais XLSX; NATUREZA_APURADA=ROUBO - OUTROS; NOME_DEPARTAMENTO=DECAP
05º D.P. S.JOSE DOS CAMPOS,2022,1,Source: SSP-SP SPDadosCriminais XLSX; NATUREZA_APURADA=ROUBO - OUTROS; NOME_DEPARTAMENTO=DECAP
05º D.P. SANTO ANDRÉ,2022,8,Source: SSP-SP SPDadosCriminais XLSX; NATUREZA_APURADA=ROUBO - OUTROS; NOME_DEPARTAMENTO=DECAP
05º D.P. SANTO ANDRÉ,2023,11,Source: SSP-SP SPDadosCriminais XLSX; NATUREZA_APURADA=ROUBO - OUTROS; NOME_DEPARTAMENTO=DECAP
05º D.P. SANTO ANDRÉ,2024,12,Source: SSP-SP SPDadosCriminais XLSX; NATUREZA_APURADA=ROUBO - OUTROS; NOME_DEPARTAMENTO=DECAP
05º D.P. SANTOS,2022,2,Source: SSP-SP SPDadosCriminais XLSX; NATUREZA_APURADA=ROUBO - OUTROS; NOME_DEPARTAMENTO=DECAP
05º D.P. SANTOS,2023,2,Source: SSP-SP SPDadosCriminais XLSX; NATUREZA_APURADA=ROUBO - OUTROS; NOME_DEPARTAMENTO=DECAP
05º D.P. SANTOS,2024,1,Source: SSP-SP SPDadosCriminais XLSX; NATUREZA_APURADA=ROUBO - OUTROS; NOME_DEPARTAMENTO=DECAP
05º D.P. SOROCABA,2023,1,Source: SSP-SP SPDadosCriminais XLSX; NATUREZA_APURADA=ROUBO - OUTROS; NOME_DEPARTAMENTO=DECAP
05º D.P. SOROCABA,2024,1,Source: SSP-SP SPDadosCriminais XLSX; NATUREZA_APURADA=ROUBO - OUTROS; NOME_DEPARTAMENTO=DECAP
06º D.P. CAMBUCI,2022,243,Source: SSP-SP SPDadosCriminais XLSX; NATUREZA_APURADA=ROUBO - OUTROS; NOME_DEPARTAMENTO=DECAP
06º D.P. CAMBUCI,2023,230,Source: SSP-SP SPDadosCriminais XLSX; NATUREZA_APURADA=ROUBO - OUTROS; NOME_DEPARTAMENTO=DECAP
06º D.P. CAMBUCI,2024,202,Source: SSP-SP SPDadosCriminais XLSX; NATUREZA_APURADA=ROUBO - OUTROS; NOME_DEPARTAMENTO=DECAP
06º D.P. CAMPINAS,2024,4,Source: SSP-SP SPDadosCriminais XLSX; NATUREZA_APURADA=ROUBO - OUTROS; NOME_DEPARTAMENTO=DECAP
06º D.P. GUARULHOS,2022,2,Source: SSP-SP SPDadosCriminais XLSX; NATUREZA_APURADA=ROUBO - OUTROS; NOME_DEPARTAMENTO=DECAP
06º D.P. GUARULHOS,2024,3,Source: SSP-SP SPDadosCriminais XLSX; NATUREZA_APURADA=ROUBO - OUTROS; NOME_DEPARTAMENTO=DECAP
06º D.P. JUNDIAI,2022,3,Source: SSP-SP SPDadosCriminais XLSX; NATUREZA_APURADA=ROUBO - OUTROS; NOME_DEPARTAMENTO=DECAP
06º D.P. JUNDIAI,2024,1,Source: SSP-SP SPDadosCriminais XLSX; NATUREZA_APURADA=ROUBO - OUTROS; NOME_DEPARTAMENTO=DECAP
06º D.P. OSASCO,2022,13,Source: SSP-SP SPDadosCriminais XLSX; NATUREZA_APURADA=ROUBO - OUTROS; NOME_DEPARTAMENTO=DECAP
06º D.P. OSASCO,2023,6,Source: SSP-SP SPDadosCriminais XLSX; NATUREZA_APURADA=ROUBO - OUTROS; NOME_DEPARTAMENTO=DECAP
06º D.P. OSASCO,2024,5,Source: SSP-SP SPDadosCriminais XLSX; NATUREZA_APURADA=ROUBO - OUTROS; NOME_DEPARTAMENTO=DECAP
06º D.P. RIBEIRAO PRETO,2022,1,Source: SSP-SP SPDadosCriminais XLSX; NATUREZA_APURADA=ROUBO - OUTROS; NOME_DEPARTAMENTO=DECAP
06º D.P. S.BERNARDO DO CAMPO,2022,4,Source: SSP-SP SPDadosCriminais XLSX; NATUREZA_APURADA=ROUBO - OUTROS; NOME_DEPARTAMENTO=DECAP
06º D.P. S.BERNARDO DO CAMPO,2023,6,Source: SSP-SP SPDadosCriminais XLSX; NATUREZA_APURADA=ROUBO - OUTROS; NOME_DEPARTAMENTO=DECAP
06º D.P. S.BERNARDO DO CAMPO,2024,3,Source: SSP-SP SPDadosCriminais XLSX; NATUREZA_APURADA=ROUBO - OUTROS; NOME_DEPARTAMENTO=DECAP
06º D.P. S.JOSE DOS CAMPOS,2023,1,Source: SSP-SP SPDadosCriminais XLSX; NATUREZA_APURADA=ROUBO - OUTROS; NOME_DEPARTAMENTO=DECAP
06º D.P. SANTO ANDRÉ,2022,17,Source: SSP-SP SPDadosCriminais XLSX; NATUREZA_APURADA=ROUBO - OUTROS; NOME_DEPARTAMENTO=DECAP
06º D.P. SANTO ANDRÉ,2023,15,Source: SSP-SP SPDadosCriminais XLSX; NATUREZA_APURADA=ROUBO - OUTROS; NOME_DEPARTAMENTO=DECAP
06º D.P. SANTO ANDRÉ,2024,11,Source: SSP-SP SPDadosCriminais XLSX; NATUREZA_APURADA=ROUBO - OUTROS; NOME_DEPARTAMENTO=DECAP
06º D.P. SOROCABA,2022,1,Source: SSP-SP SPDadosCriminais XLSX; NATUREZA_APURADA=ROUBO - OUTROS; NOME_DEPARTAMENTO=DECAP
06º D.P. SOROCABA,2023,1,Source: SSP-SP SPDadosCriminais XLSX; NATUREZA_APURADA=ROUBO - OUTROS; NOME_DEPARTAMENTO=DECAP
07º D.P. GUARULHOS,2022,9,Source: SSP-SP SPDadosCriminais XLSX; NATUREZA_APURADA=ROUBO - OUTROS; NOME_DEPARTAMENTO=DECAP
07º D.P. GUARULHOS,2023,6,Source: SSP-SP SPDadosCriminais XLSX; NATUREZA_APURADA=ROUBO - OUTROS; NOME_DEPARTAMENTO=DECAP
07º D.P. GUARULHOS,2024,5,Source: SSP-SP SPDadosCriminais XLSX; NATUREZA_APURADA=ROUBO - OUTROS; NOME_DEPARTAMENTO=DECAP
07º D.P. JUNDIAI,2024,1,Source: SSP-SP SPDadosCriminais XLSX; NATUREZA_APURADA=ROUBO - OUTROS; NOME_DEPARTAMENTO=DECAP
07º D.P. LAPA,2022,316,Source: SSP-SP SPDadosCriminais XLSX; NATUREZA_APURADA=ROUBO - OUTROS; NOME_DEPARTAMENTO=DECAP
07º D.P. LAPA,2023,344,Source: SSP-SP SPDadosCriminais XLSX; NATUREZA_APURADA=ROUBO - OUTROS; NOME_DEPARTAMENTO=DECAP
07º D.P. LAPA,2024,224,Source: SSP-SP SPDadosCriminais XLSX; NATUREZA_APURADA=ROUBO - OUTROS; NOME_DEPARTAMENTO=DECAP
07º D.P. OSASCO,2022,6,Source: SSP-SP SPDadosCriminais XLSX; NATUREZA_APURADA=ROUBO - OUTROS; NOME_DEPARTAMENTO=DECAP
07º D.P. OSASCO,2023,3,Source: SSP-SP SPDadosCriminais XLSX; NATUREZA_APURADA=ROUBO - OUTROS; NOME_DEPARTAMENTO=DECAP
07º D.P. OSASCO,2024,2,Source: SSP-SP SPDadosCriminais XLSX; NATUREZA_APURADA=ROUBO - OUTROS; NOME_DEPARTAMENTO=DECAP
07º D.P. S.BERNARDO DO CAMPO,2022,7,Source: SSP-SP SPDadosCriminais XLSX; NATUREZA_APURADA=ROUBO - OUTROS; NOME_DEPARTAMENTO=DECAP
07º D.P. S.BERNARDO DO CAMPO,2023,6,Source: SSP-SP SPDadosCriminais XLSX; NATUREZA_APURADA=ROUBO - OUTROS; NOME_DEPARTAMENTO=DECAP
07º D.P. S.BERNARDO DO CAMPO,2024,1,Source: SSP-SP SPDadosCriminais XLSX; NATUREZA_APURADA=ROUBO - OUTROS; NOME_DEPARTAMENTO=DECAP
07º D.P. S.JOSE DOS CAMPOS,2022,1,Source: SSP-SP SPDadosCriminais XLSX; NATUREZA_APURADA=ROUBO - OUTROS; NOME_DEPARTAMENTO=DECAP
07º D.P. S.JOSE RIO PRETO,2022,2,Source: SSP-SP SPDadosCriminais XLSX; NATUREZA_APURADA=ROUBO - OUTROS; NOME_DEPARTAMENTO=DECAP
07º D.P. SANTOS,2022,1,Source: SSP-SP SPDadosCriminais XLSX; NATUREZA_APURADA=ROUBO - OUTROS; NOME_DEPARTAMENTO=DECAP
07º D.P. SANTOS,2023,4,Source: SSP-SP SPDadosCriminais XLSX; NATUREZA_APURADA=ROUBO - OUTROS; NOME_DEPARTAMENTO=DECAP
07º D.P. SANTOS,2024,1,Source: SSP-SP SPDadosCriminais XLSX; NATUREZA_APURADA=ROUBO - OUTROS; NOME_DEPARTAMENTO=DECAP
08º D.P. BRAS,2022,385,Source: SSP-SP SPDadosCriminais XLSX; NATUREZA_APURADA=ROUBO - OUTROS; NOME_DEPARTAMENTO=DECAP
08º D.P. BRAS,2023,371,Source: SSP-SP SPDadosCriminais XLSX; NATUREZA_APURADA=ROUBO - OUTROS; NOME_DEPARTAMENTO=DECAP
08º D.P. BRAS,2024,295,Source: SSP-SP SPDadosCriminais XLSX; NATUREZA_APURADA=ROUBO - OUTROS; NOME_DEPARTAMENTO=DECAP
08º D.P. CAMPINAS,2023,1,Source: SSP-SP SPDadosCriminais XLSX; NATUREZA_APURADA=ROUBO - OUTROS; NOME_DEPARTAMENTO=DECAP
08º D.P. GUARULHOS,2022,7,Source: SSP-SP SPDadosCriminais XLSX; NATUREZA_APURADA=ROUBO - OUTROS; NOME_DEPARTAMENTO=DECAP
08º D.P. GUARULHOS,2023,8,Source: SSP-SP SPDadosCriminais XLSX; NATUREZA_APURADA=ROUBO - OUTROS; NOME_DEPARTAMENTO=DECAP
08º D.P. GUARULHOS,2024,6,Source: SSP-SP SPDadosCriminais XLSX; NATUREZA_APURADA=ROUBO - OUTROS; NOME_DEPARTAMENTO=DECAP
08º D.P. OSASCO,2022,9,Source: SSP-SP SPDadosCriminais XLSX; NATUREZA_APURADA=ROUBO - OUTROS; NOME_DEPARTAMENTO=DECAP
08º D.P. OSASCO,2023,5,Source: SSP-SP SPDadosCriminais XLSX; NATUREZA_APURADA=ROUBO - OUTROS; NOME_DEPARTAMENTO=DECAP
08º D.P. OSASCO,2024,3,Source: SSP-SP SPDadosCriminais XLSX; NATUREZA_APURADA=ROUBO - OUTROS; NOME_DEPARTAMENTO=DECAP
08º D.P. S.BERNARDO DO CAMPO,2022,6,Source: SSP-SP SPDadosCriminais XLSX; NATUREZA_APURADA=ROUBO - OUTROS; NOME_DEPARTAMENTO=DECAP
08º D.P. S.BERNARDO DO CAMPO,2023,6,Source: SSP-SP SPDadosCriminais XLSX; NATUREZA_APURADA=ROUBO - OUTROS; NOME_DEPARTAMENTO=DECAP
08º D.P. S.BERNARDO DO CAMPO,2024,4,Source: SSP-SP SPDadosCriminais XLSX; NATUREZA_APURADA=ROUBO - OUTROS; NOME_DEPARTAMENTO=DECAP
08º D.P. SOROCABA,2022,1,Source: SSP-SP SPDadosCriminais XLSX; NATUREZA_APURADA=ROUBO - OUTROS; NOME_DEPARTAMENTO=DECAP
09º D.P. - CARANDIRU,2022,415,Source: SSP-SP SPDadosCriminais XLSX; NATUREZA_APURADA=ROUBO - OUTROS; NOME_DEPARTAMENTO=DECAP
09º D.P. - CARANDIRU,2023,381,Source: SSP-SP SPDadosCriminais XLSX; NATUREZA_APURADA=ROUBO - OUTROS; NOME_DEPARTAMENTO=DECAP
09º D.P. - CARANDIRU,2024,404,Source: SSP-SP SPDadosCriminais XLSX; NATUREZA_APURADA=ROUBO - OUTROS; NOME_DEPARTAMENTO=DECAP
09º D.P. CAMPINAS,2022,1,Source: SSP-SP SPDadosCriminais XLSX; NATUREZA_APURADA=ROUBO - OUTROS; NOME_DEPARTAMENTO=DECAP
09º D.P. CAMPINAS,2023,1,Source: SSP-SP SPDadosCriminais XLSX; NATUREZA_APURADA=ROUBO - OUTROS; NOME_DEPARTAMENTO=DECAP
09º D.P. CAMPINAS,2024,1,Source: SSP-SP SPDadosCriminais XLSX; NATUREZA_APURADA=ROUBO - OUTROS; NOME_DEPARTAMENTO=DECAP
09º D.P. GUARULHOS,2022,8,Source: SSP-SP SPDadosCriminais XLSX; NATUREZA_APURADA=ROUBO - OUTROS; NOME_DEPARTAMENTO=DECAP
09º D.P. GUARULHOS,2023,6,Source: SSP-SP SPDadosCriminais XLSX; NATUREZA_APURADA=ROUBO - OUTROS; NOME_DEPARTAMENTO=DECAP
09º D.P. GUARULHOS,2024,5,Source: SSP-SP SPDadosCriminais XLSX; NATUREZA_APURADA=ROUBO - OUTROS; NOME_DEPARTAMENTO=DECAP
09º D.P. OSASCO,2022,10,Source: SSP-SP SPDadosCriminais XLSX; NATUREZA_APURADA=ROUBO - OUTROS; NOME_DEPARTAMENTO=DECAP
09º D.P. OSASCO,2023,7,Source: SSP-SP SPDadosCriminais XLSX; NATUREZA_APURADA=ROUBO - OUTROS; NOME_DEPARTAMENTO=DECAP
09º D.P. OSASCO,2024,3,Source: SSP-SP SPDadosCriminais XLSX; NATUREZA_APURADA=ROUBO - OUTROS; NOME_DEPARTAMENTO=DECAP
100º D.P. JDIM HERCULANO,2022,634,Source: SSP-SP SPDadosCriminais XLSX; NATUREZA_APURADA=ROUBO - OUTROS; NOME_DEPARTAMENTO=DECAP
100º D.P. JDIM HERCULANO,2023,474,Source: SSP-SP SPDadosCriminais XLSX; NATUREZA_APURADA=ROUBO - OUTROS; NOME_DEPARTAMENTO=DECAP
100º D.P. JDIM HERCULANO,2024,339,Source: SSP-SP SPDadosCriminais XLSX; NATUREZA_APURADA=ROUBO - OUTROS; NOME_DEPARTAMENTO=DECAP
101º D.P. JDIM IMBUIAS,2022,402,Source: SSP-SP SPDadosCriminais XLSX; NATUREZA_APURADA=ROUBO - OUTROS; NOME_DEPARTAMENTO=DECAP
101º D.P. JDIM IMBUIAS,2023,690,Source: SSP-SP SPDadosCriminais XLSX; NATUREZA_APURADA=ROUBO - OUTROS; NOME_DEPARTAMENTO=DECAP
101º D.P. JDIM IMBUIAS,2024,601,Source: SSP-SP SPDadosCriminais XLSX; NATUREZA_APURADA=ROUBO - OUTROS; NOME_DEPARTAMENTO=DECAP
102º D.P. SOCORRO,2022,200,Source: SSP-SP SPDadosCriminais XLSX; NATUREZA_APURADA=ROUBO - OUTROS; NOME_DEPARTAMENTO=DECAP
102º D.P. SOCORRO,2023,189,Source: SSP-SP SPDadosCriminais XLSX; NATUREZA_APURADA=ROUBO - OUTROS; NOME_DEPARTAMENTO=DECAP
102º D.P. SOCORRO,2024,158,Source: SSP-SP SPDadosCriminais XLSX; NATUREZA_APURADA=ROUBO - OUTROS; NOME_DEPARTAMENTO=DECAP
103º D.P. COHABII/ITAQU.,2022,219,Source: SSP-SP SPDadosCriminais XLSX; NATUREZA_APURADA=ROUBO - OUTROS; NOME_DEPARTAMENTO=DECAP
103º D.P. COHABII/ITAQU.,2023,202,Source: SSP-SP SPDadosCriminais XLSX; NATUREZA_APURADA=ROUBO - OUTROS; NOME_DEPARTAMENTO=DECAP
103º D.P. COHABII/ITAQU.,2024,179,Source: SSP-SP SPDadosCriminais XLSX; NATUREZA_APURADA=ROUBO - OUTROS; NOME_DEPARTAMENTO=DECAP
10º D.P. CAMPINAS,2022,1,Source: SSP-SP SPDadosCriminais XLSX; NATUREZA_APURADA=ROUBO - OUTROS; NOME_DEPARTAMENTO=DECAP
10º D.P. OSASCO,2022,4,Source: SSP-SP SPDadosCriminais XLSX; NATUREZA_APURADA=ROUBO - OUTROS; NOME_DEPARTAMENTO=DECAP
10º D.P. OSASCO,2023,3,Source: SSP-SP SPDadosCriminais XLSX; NATUREZA_APURADA=ROUBO - OUTROS; NOME_DEPARTAMENTO=DECAP
10º D.P. OSASCO,2024,4,Source: SSP-SP SPDadosCriminais XLSX; NATUREZA_APURADA=ROUBO - OUTROS; NOME_DEPARTAMENTO=DECAP
10º D.P. PENHA DE FRANCA,2022,264,Source: SSP-SP SPDadosCriminais XLSX; NATUREZA_APURADA=ROUBO - OUTROS; NOME_DEPARTAMENTO=DECAP
10º D.P. PENHA DE FRANCA,2023,297,Source: SSP-SP SPDadosCriminais XLSX; NATUREZA_APURADA=ROUBO - OUTROS; NOME_DEPARTAMENTO=DECAP
10º D.P. PENHA DE FRANCA,2024,211,Source: SSP-SP SPDadosCriminais XLSX; NATUREZA_APURADA=ROUBO - OUTROS; NOME_DEPARTAMENTO=DECAP
11º D.P. CAMPINAS,2024,1,Source: SSP-SP SPDadosCriminais XLSX; NATUREZA_APURADA=ROUBO - OUTROS; NOME_DEPARTAMENTO=DECAP
11º D.P. SANTO AMARO,2022,647,Source: SSP-SP SPDadosCriminais XLSX; NATUREZA_APURADA=ROUBO - OUTROS; NOME_DEPARTAMENTO=DECAP
11º D.P. SANTO AMARO,2023,510,Source: SSP-SP SPDadosCriminais XLSX; NATUREZA_APURADA=ROUBO - OUTROS; NOME_DEPARTAMENTO=DECAP
11º D.P. SANTO AMARO,2024,380,Source: SSP-SP SPDadosCriminais XLSX; NATUREZA_APURADA=ROUBO - OUTROS; NOME_DEPARTAMENTO=DECAP
11º D.P. SOROCABA,2022,1,Source: SSP-SP SPDadosCriminais XLSX; NATUREZA_APURADA=ROUBO - OUTROS; NOME_DEPARTAMENTO=DECAP
12º D.P. PARI,2022,572,Source: SSP-SP SPDadosCriminais XLSX; NATUREZA_APURADA=ROUBO - OUTROS; NOME_DEPARTAMENTO=DECAP
12º D.P. PARI,2023,561,Source: SSP-SP SPDadosCriminais XLSX; NATUREZA_APURADA=ROUBO - OUTROS; NOME_DEPARTAMENTO=DECAP
12º D.P. PARI,2024,439,Source: SSP-SP SPDadosCriminais XLSX; NATUREZA_APURADA=ROUBO - OUTROS; NOME_DEPARTAMENTO=DECAP
13º D.P. CASA VERDE,2022,236,Source: SSP-SP SPDadosCriminais XLSX; NATUREZA_APURADA=ROUBO - OUTROS; NOME_DEPARTAMENTO=DECAP
13º D.P. CASA VERDE,2023,184,Source: SSP-SP SPDadosCriminais XLSX; NATUREZA_APURADA=ROUBO - OUTROS; NOME_DEPARTAMENTO=DECAP
13º D.P. CASA VERDE,2024,177,Source: SSP-SP SPDadosCriminais XLSX; NATUREZA_APURADA=ROUBO - OUTROS; NOME_DEPARTAMENTO=DECAP
14º D.P. PINHEIROS,2022,554,Source: SSP-SP SPDadosCriminais XLSX; NATUREZA_APURADA=ROUBO - OUTROS; NOME_DEPARTAMENTO=DECAP
14º D.P. PINHEIROS,2023,482,Source: SSP-SP SPDadosCriminais XLSX; NATUREZA_APURADA=ROUBO - OUTROS; NOME_DEPARTAMENTO=DECAP
14º D.P. PINHEIROS,2024,411,Source: SSP-SP SPDadosCriminais XLSX; NATUREZA_APURADA=ROUBO - OUTROS; NOME_DEPARTAMENTO=DECAP
15º D.P. DR. LUC. H BEIGUELMAN,2022,304,Source: SSP-SP SPDadosCriminais XLSX; NATUREZA_APURADA=ROUBO - OUTROS; NOME_DEPARTAMENTO=DECAP
15º D.P. DR. LUC. H BEIGUELMAN,2023,295,Source: SSP-SP SPDadosCriminais XLSX; NATUREZA_APURADA=ROUBO - OUTROS; NOME_DEPARTAMENTO=DECAP
15º D.P. DR. LUC. H BEIGUELMAN,2024,175,Source: SSP-SP SPDadosCriminais XLSX; NATUREZA_APURADA=ROUBO - OUTROS; NOME_DEPARTAMENTO=DECAP
16º D.P. VILA CLEMENTINO,2022,384,Source: SSP-SP SPDadosCriminais XLSX; NATUREZA_APURADA=ROUBO - OUTROS; NOME_DEPARTAMENTO=DECAP
16º D.P. VILA CLEMENTINO,2023,274,Source: SSP-SP SPDadosCriminais XLSX; NATUREZA_APURADA=ROUBO - OUTROS; NOME_DEPARTAMENTO=DECAP
16º D.P. VILA CLEMENTINO,2024,277,Source: SSP-SP SPDadosCriminais XLSX; NATUREZA_APURADA=ROUBO - OUTROS; NOME_DEPARTAMENTO=DECAP
17º D.P. DOUTOR ALDO GALIANO,2022,238,Source: SSP-SP SPDadosCriminais XLSX; NATUREZA_APURADA=ROUBO - OUTROS; NOME_DEPARTAMENTO=DECAP
17º D.P. DOUTOR ALDO GALIANO,2023,264,Source: SSP-SP SPDadosCriminais XLSX; NATUREZA_APURADA=ROUBO - OUTROS; NOME_DEPARTAMENTO=DECAP
17º D.P. DOUTOR ALDO GALIANO,2024,258,Source: SSP-SP SPDadosCriminais XLSX; NATUREZA_APURADA=ROUBO - OUTROS; NOME_DEPARTAMENTO=DECAP
18º D.P. ALTO DA MOOCA,2022,59,Source: SSP-SP SPDadosCriminais XLSX; NATUREZA_APURADA=ROUBO - OUTROS; NOME_DEPARTAMENTO=DECAP
18º D.P. ALTO DA MOOCA,2023,54,Source: SSP-SP SPDadosCriminais XLSX; NATUREZA_APURADA=ROUBO - OUTROS; NOME_DEPARTAMENTO=DECAP
18º D.P. ALTO DA MOOCA,2024,51,Source: SSP-SP SPDadosCriminais XLSX; NATUREZA_APURADA=ROUBO - OUTROS; NOME_DEPARTAMENTO=DECAP
19º D.P. VILA MARIA,2022,168,Source: SSP-SP SPDadosCriminais XLSX; NATUREZA_APURADA=ROUBO - OUTROS; NOME_DEPARTAMENTO=DECAP
19º D.P. VILA MARIA,2023,197,Source: SSP-SP SPDadosCriminais XLSX; NATUREZA_APURADA=ROUBO - OUTROS; NOME_DEPARTAMENTO=DECAP
19º D.P. VILA MARIA,2024,169,Source: SSP-SP SPDadosCriminais XLSX; NATUREZA_APURADA=ROUBO - OUTROS; NOME_DEPARTAMENTO=DECAP
20º D.P. AGUA FRIA,2022,139,Source: SSP-SP SPDadosCriminais XLSX; NATUREZA_APURADA=ROUBO - OUTROS; NOME_DEPARTAMENTO=DECAP
20º D.P. AGUA FRIA,2023,137,Source: SSP-SP SPDadosCriminais XLSX; NATUREZA_APURADA=ROUBO - OUTROS; NOME_DEPARTAMENTO=DECAP
20º D.P. AGUA FRIA,2024,112,Source: SSP-SP SPDadosCriminais XLSX; NATUREZA_APURADA=ROUBO - OUTROS; NOME_DEPARTAMENTO=DECAP
21º D.P. VILA MATILDE,2022,249,Source: SSP-SP SPDadosCriminais XLSX; NATUREZA_APURADA=ROUBO - OUTROS; NOME_DEPARTAMENTO=DECAP
21º D.P. VILA MATILDE,2023,249,Source: SSP-SP SPDadosCriminais XLSX; NATUREZA_APURADA=ROUBO - OUTROS; NOME_DEPARTAMENTO=DECAP
21º D.P. VILA MATILDE,2024,180,Source: SSP-SP SPDadosCriminais XLSX; NATUREZA_APURADA=ROUBO - OUTROS; NOME_DEPARTAMENTO=DECAP
22º D.P. SAO MIGUEL PTA,2022,309,Source: SSP-SP SPDadosCriminais XLSX; NATUREZA_APURADA=ROUBO - OUTROS; NOME_DEPARTAMENTO=DECAP
22º D.P. SAO MIGUEL PTA,2023,259,Source: SSP-SP SPDadosCriminais XLSX; NATUREZA_APURADA=ROUBO - OUTROS; NOME_DEPARTAMENTO=DECAP
22º D.P. SAO MIGUEL PTA,2024,219,Source: SSP-SP SPDadosCriminais XLSX; NATUREZA_APURADA=ROUBO - OUTROS; NOME_DEPARTAMENTO=DECAP
23º D.P. PERDIZES,2022,502,Source: SSP-SP SPDadosCriminais XLSX; NATUREZA_APURADA=ROUBO - OUTROS; NOME_DEPARTAMENTO=DECAP
23º D.P. PERDIZES,2023,428,Source: SSP-SP SPDadosCriminais XLSX; NATUREZA_APURADA=ROUBO - OUTROS; NOME_DEPARTAMENTO=DECAP
23º D.P. PERDIZES,2024,372,Source: SSP-SP SPDadosCriminais XLSX; NATUREZA_APURADA=ROUBO - OUTROS; NOME_DEPARTAMENTO=DECAP
24º D.P. PONTE RASA,2022,192,Source: SSP-SP SPDadosCriminais XLSX; NATUREZA_APURADA=ROUBO - OUTROS; NOME_DEPARTAMENTO=DECAP
24º D.P. PONTE RASA,2023,200,Source: SSP-SP SPDadosCriminais XLSX; NATUREZA_APURADA=ROUBO - OUTROS; NOME_DEPARTAMENTO=DECAP
24º D.P. PONTE RASA,2024,160,Source: SSP-SP SPDadosCriminais XLSX; NATUREZA_APURADA=ROUBO - OUTROS; NOME_DEPARTAMENTO=DECAP
25º D.P. PARELHEIROS,2022,223,Source: SSP-SP SPDadosCriminais XLSX; NATUREZA_APURADA=ROUBO - OUTROS; NOME_DEPARTAMENTO=DECAP
25º D.P. PARELHEIROS,2023,294,Source: SSP-SP SPDadosCriminais XLSX; NATUREZA_APURADA=ROUBO - OUTROS; NOME_DEPARTAMENTO=DECAP
25º D.P. PARELHEIROS,2024,263,Source: SSP-SP SPDadosCriminais XLSX; NATUREZA_APURADA=ROUBO - OUTROS; NOME_DEPARTAMENTO=DECAP
26º D.P. SACOMA,2022,97,Source: SSP-SP SPDadosCriminais XLSX; NATUREZA_APURADA=ROUBO - OUTROS; NOME_DEPARTAMENTO=DECAP
26º D.P. SACOMA,2023,72,Source: SSP-SP SPDadosCriminais XLSX; NATUREZA_APURADA=ROUBO - OUTROS; NOME_DEPARTAMENTO=DECAP
26º D.P. SACOMA,2024,82,Source: SSP-SP SPDadosCriminais XLSX; NATUREZA_APURADA=ROUBO - OUTROS; NOME_DEPARTAMENTO=DECAP
27º DP DR. IGNÁCIO FRANCISCO,2022,248,Source: SSP-SP SPDadosCriminais XLSX; NATUREZA_APURADA=ROUBO - OUTROS; NOME_DEPARTAMENTO=DECAP
27º DP DR. IGNÁCIO FRANCISCO,2023,265,Source: SSP-SP SPDadosCriminais XLSX; NATUREZA_APURADA=ROUBO - OUTROS; NOME_DEPARTAMENTO=DECAP
27º DP DR. IGNÁCIO FRANCISCO,2024,168,Source: SSP-SP SPDadosCriminais XLSX; NATUREZA_APURADA=ROUBO - OUTROS; NOME_DEPARTAMENTO=DECAP
28º D.P. FREGUESIA DO O,2022,279,Source: SSP-SP SPDadosCriminais XLSX; NATUREZA_APURADA=ROUBO - OUTROS; NOME_DEPARTAMENTO=DECAP
28º D.P. FREGUESIA DO O,2023,236,Source: SSP-SP SPDadosCriminais XLSX; NATUREZA_APURADA=ROUBO - OUTROS; NOME_DEPARTAMENTO=DECAP
28º D.P. FREGUESIA DO O,2024,165,Source: SSP-SP SPDadosCriminais XLSX; NATUREZA_APURADA=ROUBO - OUTROS; NOME_DEPARTAMENTO=DECAP
29º D.P. VILA PRUDENTE,2022,114,Source: SSP-SP SPDadosCriminais XLSX; NATUREZA_APURADA=ROUBO - OUTROS; NOME_DEPARTAMENTO=DECAP
29º D.P. VILA PRUDENTE,2023,103,Source: SSP-SP SPDadosCriminais XLSX; NATUREZA_APURADA=ROUBO - OUTROS; NOME_DEPARTAMENTO=DECAP
29º D.P. VILA PRUDENTE,2024,73,Source: SSP-SP SPDadosCriminais XLSX; NATUREZA_APURADA=ROUBO - OUTROS; NOME_DEPARTAMENTO=DECAP
30º D.P. TATUAPE,2022,228,Source: SSP-SP SPDadosCriminais XLSX; NATUREZA_APURADA=ROUBO - OUTROS; NOME_DEPARTAMENTO=DECAP
30º D.P. TATUAPE,2023,252,Source: SSP-SP SPDadosCriminais XLSX; NATUREZA_APURADA=ROUBO - OUTROS; NOME_DEPARTAMENTO=DECAP
30º D.P. TATUAPE,2024,174,Source: SSP-SP SPDadosCriminais XLSX; NATUREZA_APURADA=ROUBO - OUTROS; NOME_DEPARTAMENTO=DECAP
31º D.P. VILA CARRAO,2022,83,Source: SSP-SP SPDadosCriminais XLSX; NATUREZA_APURADA=ROUBO - OUTROS; NOME_DEPARTAMENTO=DECAP
31º D.P. VILA CARRAO,2023,79,Source: SSP-SP SPDadosCriminais XLSX; NATUREZA_APURADA=ROUBO - OUTROS; NOME_DEPARTAMENTO=DECAP
31º D.P. VILA CARRAO,2024,80,Source: SSP-SP SPDadosCriminais XLSX; NATUREZA_APURADA=ROUBO - OUTROS; NOME_DEPARTAMENTO=DECAP
32º D.P. ITAQUERA,2022,256,Source: SSP-SP SPDadosCriminais XLSX; NATUREZA_APURADA=ROUBO - OUTROS; NOME_DEPARTAMENTO=DECAP
32º D.P. ITAQUERA,2023,214,Source: SSP-SP SPDadosCriminais XLSX; NATUREZA_APURADA=ROUBO - OUTROS; NOME_DEPARTAMENTO=DECAP
32º D.P. ITAQUERA,2024,229,Source: SSP-SP SPDadosCriminais XLSX; NATUREZA_APURADA=ROUBO - OUTROS; NOME_DEPARTAMENTO=DECAP
33º D.P. PIRITUBA,2022,194,Source: SSP-SP SPDadosCriminais XLSX; NATUREZA_APURADA=ROUBO - OUTROS; NOME_DEPARTAMENTO=DECAP
33º D.P. PIRITUBA,2023,131,Source: SSP-SP SPDadosCriminais XLSX; NATUREZA_APURADA=ROUBO - OUTROS; NOME_DEPARTAMENTO=DECAP
33º D.P. PIRITUBA,2024,91,Source: SSP-SP SPDadosCriminais XLSX; NATUREZA_APURADA=ROUBO - OUTROS; NOME_DEPARTAMENTO=DECAP
34º D.P. MORUMBI,2022,339,Source: SSP-SP SPDadosCriminais XLSX; NATUREZA_APURADA=ROUBO - OUTROS; NOME_DEPARTAMENTO=DECAP
34º D.P. MORUMBI,2023,300,Source: SSP-SP SPDadosCriminais XLSX; NATUREZA_APURADA=ROUBO - OUTROS; NOME_DEPARTAMENTO=DECAP
34º D.P. MORUMBI,2024,224,Source: SSP-SP SPDadosCriminais XLSX; NATUREZA_APURADA=ROUBO - OUTROS; NOME_DEPARTAMENTO=DECAP
35º D.P. JABAQUARA,2022,365,Source: SSP-SP SPDadosCriminais XLSX; NATUREZA_APURADA=ROUBO - OUTROS; NOME_DEPARTAMENTO=DECAP
35º D.P. JABAQUARA,2023,257,Source: SSP-SP SPDadosCriminais XLSX; NATUREZA_APURADA=ROUBO - OUTROS; NOME_DEPARTAMENTO=DECAP
35º D.P. JABAQUARA,2024,263,Source: SSP-SP SPDadosCriminais XLSX; NATUREZA_APURADA=ROUBO - OUTROS; NOME_DEPARTAMENTO=DECAP
36º D.P. VILA MARIANA,2022,187,Source: SSP-SP SPDadosCriminais XLSX; NATUREZA_APURADA=ROUBO - OUTROS; NOME_DEPARTAMENTO=DECAP
36º D.P. VILA MARIANA,2023,181,Source: SSP-SP SPDadosCriminais XLSX; NATUREZA_APURADA=ROUBO - OUTROS; NOME_DEPARTAMENTO=DECAP
36º D.P. VILA MARIANA,2024,151,Source: SSP-SP SPDadosCriminais XLSX; NATUREZA_APURADA=ROUBO - OUTROS; NOME_DEPARTAMENTO=DECAP
37º D.P. CAMPO LIMPO,2022,863,Source: SSP-SP SPDadosCriminais XLSX; NATUREZA_APURADA=ROUBO - OUTROS; NOME_DEPARTAMENTO=DECAP
37º D.P. CAMPO LIMPO,2023,862,Source: SSP-SP SPDadosCriminais XLSX; NATUREZA_APURADA=ROUBO - OUTROS; NOME_DEPARTAMENTO=DECAP
37º D.P. CAMPO LIMPO,2024,703,Source: SSP-SP SPDadosCriminais XLSX; NATUREZA_APURADA=ROUBO - OUTROS; NOME_DEPARTAMENTO=DECAP
38º D.P. VILA AMALIA,2022,218,Source: SSP-SP SPDadosCriminais XLSX; NATUREZA_APURADA=ROUBO - OUTROS; NOME_DEPARTAMENTO=DECAP
38º D.P. VILA AMALIA,2023,171,Source: SSP-SP SPDadosCriminais XLSX; NATUREZA_APURADA=ROUBO - OUTROS; NOME_DEPARTAMENTO=DECAP
38º D.P. VILA AMALIA,2024,128,Source: SSP-SP SPDadosCriminais XLSX; NATUREZA_APURADA=ROUBO - OUTROS; NOME_DEPARTAMENTO=DECAP
39º D.P. VILA GUSTAVO,2022,181,Source: SSP-SP SPDadosCriminais XLSX; NATUREZA_APURADA=ROUBO - OUTROS; NOME_DEPARTAMENTO=DECAP
39º D.P. VILA GUSTAVO,2023,139,Source: SSP-SP SPDadosCriminais XLSX; NATUREZA_APURADA=ROUBO - OUTROS; NOME_DEPARTAMENTO=DECAP
39º D.P. VILA GUSTAVO,2024,107,Source: SSP-SP SPDadosCriminais XLSX; NATUREZA_APURADA=ROUBO - OUTROS; NOME_DEPARTAMENTO=DECAP
40º D.P. VILA STA MARIA,2022,150,Source: SSP-SP SPDadosCriminais XLSX; NATUREZA_APURADA=ROUBO - OUTROS; NOME_DEPARTAMENTO=DECAP
40º D.P. VILA STA MARIA,2023,121,Source: SSP-SP SPDadosCriminais XLSX; NATUREZA_APURADA=ROUBO - OUTROS; NOME_DEPARTAMENTO=DECAP
40º D.P. VILA STA MARIA,2024,123,Source: SSP-SP SPDadosCriminais XLSX; NATUREZA_APURADA=ROUBO - OUTROS; NOME_DEPARTAMENTO=DECAP
41º D.P. VILA RICA,2022,252,Source: SSP-SP SPDadosCriminais XLSX; NATUREZA_APURADA=ROUBO - OUTROS; NOME_DEPARTAMENTO=DECAP
41º D.P. VILA RICA,2023,226,Source: SSP-SP SPDadosCriminais XLSX; NATUREZA_APURADA=ROUBO - OUTROS; NOME_DEPARTAMENTO=DECAP
41º D.P. VILA RICA,2024,175,Source: SSP-SP SPDadosCriminais XLSX; NATUREZA_APURADA=ROUBO - OUTROS; NOME_DEPARTAMENTO=DECAP
42º D.P. PARQUE S. LUCAS,2022,225,Source: SSP-SP SPDadosCriminais XLSX; NATUREZA_APURADA=ROUBO - OUTROS; NOME_DEPARTAMENTO=DECAP
42º D.P. PARQUE S. LUCAS,2023,182,Source: SSP-SP SPDadosCriminais XLSX; NATUREZA_APURADA=ROUBO - OUTROS; NOME_DEPARTAMENTO=DECAP
42º D.P. PARQUE S. LUCAS,2024,159,Source: SSP-SP SPDadosCriminais XLSX; NATUREZA_APURADA=ROUBO - OUTROS; NOME_DEPARTAMENTO=DECAP
43º D.P. CIDADE ADEMAR,2022,300,Source: SSP-SP SPDadosCriminais XLSX; NATUREZA_APURADA=ROUBO - OUTROS; NOME_DEPARTAMENTO=DECAP
43º D.P. CIDADE ADEMAR,2023,215,Source: SSP-SP SPDadosCriminais XLSX; NATUREZA_APURADA=ROUBO - OUTROS; NOME_DEPARTAMENTO=DECAP
43º D.P. CIDADE ADEMAR,2024,150,Source: SSP-SP SPDadosCriminais XLSX; NATUREZA_APURADA=ROUBO - OUTROS; NOME_DEPARTAMENTO=DECAP
44º D.P. GUAIANAZES,2022,318,Source: SSP-SP SPDadosCriminais XLSX; NATUREZA_APURADA=ROUBO - OUTROS; NOME_DEPARTAMENTO=DECAP
44º D.P. GUAIANAZES,2023,439,Source: SSP-SP SPDadosCriminais XLSX; NATUREZA_APURADA=ROUBO - OUTROS; NOME_DEPARTAMENTO=DECAP
44º D.P. GUAIANAZES,2024,473,Source: SSP-SP SPDadosCriminais XLSX; NATUREZA_APURADA=ROUBO - OUTROS; NOME_DEPARTAMENTO=DECAP
45º D.P. V BRASILANDIA,2022,114,Source: SSP-SP SPDadosCriminais XLSX; NATUREZA_APURADA=ROUBO - OUTROS; NOME_DEPARTAMENTO=DECAP
45º D.P. V BRASILANDIA,2023,96,Source: SSP-SP SPDadosCriminais XLSX; NATUREZA_APURADA=ROUBO - OUTROS; NOME_DEPARTAMENTO=DECAP
45º D.P. V BRASILANDIA,2024,83,Source: SSP-SP SPDadosCriminais XLSX; NATUREZA_APURADA=ROUBO - OUTROS; NOME_DEPARTAMENTO=DECAP
46º D.P. PERUS,2022,378,Source: SSP-SP SPDadosCriminais XLSX; NATUREZA_APURADA=ROUBO - OUTROS; NOME_DEPARTAMENTO=DECAP
46º D.P. PERUS,2023,343,Source: SSP-SP SPDadosCriminais XLSX; NATUREZA_APURADA=ROUBO - OUTROS; NOME_DEPARTAMENTO=DECAP
46º D.P. PERUS,2024,255,Source: SSP-SP SPDadosCriminais XLSX; NATUREZA_APURADA=ROUBO - OUTROS; NOME_DEPARTAMENTO=DECAP
47º D.P. CAPAO REDONDO,2022,1021,Source: SSP-SP SPDadosCriminais XLSX; NATUREZA_APURADA=ROUBO - OUTROS; NOME_DEPARTAMENTO=DECAP
47º D.P. CAPAO REDONDO,2023,779,Source: SSP-SP SPDadosCriminais XLSX; NATUREZA_APURADA=ROUBO - OUTROS; NOME_DEPARTAMENTO=DECAP
47º D.P. CAPAO REDONDO,2024,614,Source: SSP-SP SPDadosCriminais XLSX; NATUREZA_APURADA=ROUBO - OUTROS; NOME_DEPARTAMENTO=DECAP
48º D.P. CIDADE DUTRA,2022,288,Source: SSP-SP SPDadosCriminais XLSX; NATUREZA_APURADA=ROUBO - OUTROS; NOME_DEPARTAMENTO=DECAP
48º D.P. CIDADE DUTRA,2023,263,Source: SSP-SP SPDadosCriminais XLSX; NATUREZA_APURADA=ROUBO - OUTROS; NOME_DEPARTAMENTO=DECAP
48º D.P. CIDADE DUTRA,2024,210,Source: SSP-SP SPDadosCriminais XLSX; NATUREZA_APURADA=ROUBO - OUTROS; NOME_DEPARTAMENTO=DECAP
49º D.P. SAO MATEUS,2022,552,Source: SSP-SP SPDadosCriminais XLSX; NATUREZA_APURADA=ROUBO - OUTROS; NOME_DEPARTAMENTO=DECAP
49º D.P. SAO MATEUS,2023,512,Source: SSP-SP SPDadosCriminais XLSX; NATUREZA_APURADA=ROUBO - OUTROS; NOME_DEPARTAMENTO=DECAP
49º D.P. SAO MATEUS,2024,316,Source: SSP-SP SPDadosCriminais XLSX; NATUREZA_APURADA=ROUBO - OUTROS; NOME_DEPARTAMENTO=DECAP
50º D.P. ITAIM PAULISTA,2022,322,Source: SSP-SP SPDadosCriminais XLSX; NATUREZA_APURADA=ROUBO - OUTROS; NOME_DEPARTAMENTO=DECAP
50º D.P. ITAIM PAULISTA,2023,354,Source: SSP-SP SPDadosCriminais XLSX; NATUREZA_APURADA=ROUBO - OUTROS; NOME_DEPARTAMENTO=DECAP
50º D.P. ITAIM PAULISTA,2024,199,Source: SSP-SP SPDadosCriminais XLSX; NATUREZA_APURADA=ROUBO - OUTROS; NOME_DEPARTAMENTO=DECAP
51º D.P. RIO PEQUENO,2022,336,Source: SSP-SP SPDadosCriminais XLSX; NATUREZA_APURADA=ROUBO - OUTROS; NOME_DEPARTAMENTO=DECAP
51º D.P. RIO PEQUENO,2023,226,Source: SSP-SP SPDadosCriminais XLSX; NATUREZA_APURADA=ROUBO - OUTROS; NOME_DEPARTAMENTO=DECAP
51º D.P. RIO PEQUENO,2024,186,Source: SSP-SP SPDadosCriminais XLSX; NATUREZA_APURADA=ROUBO - OUTROS; NOME_DEPARTAMENTO=DECAP
52º D.P. PARQUE S.JORGE,2022,157,Source: SSP-SP SPDadosCriminais XLSX; NATUREZA_APURADA=ROUBO - OUTROS; NOME_DEPARTAMENTO=DECAP
52º D.P. PARQUE S.JORGE,2023,175,Source: SSP-SP SPDadosCriminais XLSX; NATUREZA_APURADA=ROUBO - OUTROS; NOME_DEPARTAMENTO=DECAP
52º D.P. PARQUE S.JORGE,2024,127,Source: SSP-SP SPDadosCriminais XLSX; NATUREZA_APURADA=ROUBO - OUTROS; NOME_DEPARTAMENTO=DECAP
53º D.P. PARQUE DO CARMO,2022,289,Source: SSP-SP SPDadosCriminais XLSX; NATUREZA_APURADA=ROUBO - OUTROS; NOME_DEPARTAMENTO=DECAP
53º D.P. PARQUE DO CARMO,2023,242,Source: SSP-SP SPDadosCriminais XLSX; NATUREZA_APURADA=ROUBO - OUTROS; NOME_DEPARTAMENTO=DECAP
53º D.P. PARQUE DO CARMO,2024,206,Source: SSP-SP SPDadosCriminais XLSX; NATUREZA_APURADA=ROUBO - OUTROS; NOME_DEPARTAMENTO=DECAP
54º D.P. CID. TIRADENTES,2022,401,Source: SSP-SP SPDadosCriminais XLSX; NATUREZA_APURADA=ROUBO - OUTROS; NOME_DEPARTAMENTO=DECAP
54º D.P. CID. TIRADENTES,2023,389,Source: SSP-SP SPDadosCriminais XLSX; NATUREZA_APURADA=ROUBO - OUTROS; NOME_DEPARTAMENTO=DECAP
54º D.P. CID. TIRADENTES,2024,372,Source: SSP-SP SPDadosCriminais XLSX; NATUREZA_APURADA=ROUBO - OUTROS; NOME_DEPARTAMENTO=DECAP
55º D.P. PARQUE S.RAFAEL,2022,186,Source: SSP-SP SPDadosCriminais XLSX; NATUREZA_APURADA=ROUBO - OUTROS; NOME_DEPARTAMENTO=DECAP
55º D.P. PARQUE S.RAFAEL,2023,144,Source: SSP-SP SPDadosCriminais XLSX; NATUREZA_APURADA=ROUBO - OUTROS; NOME_DEPARTAMENTO=DECAP
55º D.P. PARQUE S.RAFAEL,2024,115,Source: SSP-SP SPDadosCriminais XLSX; NATUREZA_APURADA=ROUBO - OUTROS; NOME_DEPARTAMENTO=DECAP
56º D.P. VILA ALPINA,2022,148,Source: SSP-SP SPDadosCriminais XLSX; NATUREZA_APURADA=ROUBO - OUTROS; NOME_DEPARTAMENTO=DECAP
56º D.P. VILA ALPINA,2023,131,Source: SSP-SP SPDadosCriminais XLSX; NATUREZA_APURADA=ROUBO - OUTROS; NOME_DEPARTAMENTO=DECAP
56º D.P. VILA ALPINA,2024,146,Source: SSP-SP SPDadosCriminais XLSX; NATUREZA_APURADA=ROUBO - OUTROS; NOME_DEPARTAMENTO=DECAP
57º D.P. PARQUE DA MOOCA,2022,91,Source: SSP-SP SPDadosCriminais XLSX; NATUREZA_APURADA=ROUBO - OUTROS; NOME_DEPARTAMENTO=DECAP
57º D.P. PARQUE DA MOOCA,2023,80,Source: SSP-SP SPDadosCriminais XLSX; NATUREZA_APURADA=ROUBO - OUTROS; NOME_DEPARTAMENTO=DECAP
57º D.P. PARQUE DA MOOCA,2024,68,Source: SSP-SP SPDadosCriminais XLSX; NATUREZA_APURADA=ROUBO - OUTROS; NOME_DEPARTAMENTO=DECAP
58º D.P. VILA FORMOSA,2022,117,Source: SSP-SP SPDadosCriminais XLSX; NATUREZA_APURADA=ROUBO - OUTROS; NOME_DEPARTAMENTO=DECAP
58º D.P. VILA FORMOSA,2023,93,Source: SSP-SP SPDadosCriminais XLSX; NATUREZA_APURADA=ROUBO - OUTROS; NOME_DEPARTAMENTO=DECAP
58º D.P. VILA FORMOSA,2024,78,Source: SSP-SP SPDadosCriminais XLSX; NATUREZA_APURADA=ROUBO - OUTROS; NOME_DEPARTAMENTO=DECAP
59º D.P. JARDIM DOS IPES,2022,173,Source: SSP-SP SPDadosCriminais XLSX; NATUREZA_APURADA=ROUBO - OUTROS; NOME_DEPARTAMENTO=DECAP
59º D.P. JARDIM DOS IPES,2023,117,Source: SSP-SP SPDadosCriminais XLSX; NATUREZA_APURADA=ROUBO - OUTROS; NOME_DEPARTAMENTO=DECAP
59º D.P. JARDIM DOS IPES,2024,103,Source: SSP-SP SPDadosCriminais XLSX; NATUREZA_APURADA=ROUBO - OUTROS; NOME_DEPARTAMENTO=DECAP
62º D.P. ERMELINO MATARAZZO,2022,260,Source: SSP-SP SPDadosCriminais XLSX; NATUREZA_APURADA=ROUBO - OUTROS; NOME_DEPARTAMENTO=DECAP
62º D.P. ERMELINO MATARAZZO,2023,190,Source: SSP-SP SPDadosCriminais XLSX; NATUREZA_APURADA=ROUBO - OUTROS; NOME_DEPARTAMENTO=DECAP
62º D.P. ERMELINO MATARAZZO,2024,174,Source: SSP-SP SPDadosCriminais XLSX; NATUREZA_APURADA=ROUBO - OUTROS; NOME_DEPARTAMENTO=DECAP
63º D.P. VILA JACUI,2022,385,Source: SSP-SP SPDadosCriminais XLSX; NATUREZA_APURADA=ROUBO - OUTROS; NOME_DEPARTAMENTO=DECAP
63º D.P. VILA JACUI,2023,250,Source: SSP-SP SPDadosCriminais XLSX; NATUREZA_APURADA=ROUBO - OUTROS; NOME_DEPARTAMENTO=DECAP
63º D.P. VILA JACUI,2024,265,Source: SSP-SP SPDadosCriminais XLSX; NATUREZA_APURADA=ROUBO - OUTROS; NOME_DEPARTAMENTO=DECAP
64º D.P. CID.AE CARVALHO,2022,420,Source: SSP-SP SPDadosCriminais XLSX; NATUREZA_APURADA=ROUBO - OUTROS; NOME_DEPARTAMENTO=DECAP
64º D.P. CID.AE CARVALHO,2023,364,Source: SSP-SP SPDadosCriminais XLSX; NATUREZA_APURADA=ROUBO - OUTROS; NOME_DEPARTAMENTO=DECAP
64º D.P. CID.AE CARVALHO,2024,278,Source: SSP-SP SPDadosCriminais XLSX; NATUREZA_APURADA=ROUBO - OUTROS; NOME_DEPARTAMENTO=DECAP
65º D.P. ARTUR ALVIM,2022,219,Source: SSP-SP SPDadosCriminais XLSX; NATUREZA_APURADA=ROUBO - OUTROS; NOME_DEPARTAMENTO=DECAP
65º D.P. ARTUR ALVIM,2023,214,Source: SSP-SP SPDadosCriminais XLSX; NATUREZA_APURADA=ROUBO - OUTROS; NOME_DEPARTAMENTO=DECAP
65º D.P. ARTUR ALVIM,2024,193,Source: SSP-SP SPDadosCriminais XLSX; NATUREZA_APURADA=ROUBO - OUTROS; NOME_DEPARTAMENTO=DECAP
66º D.P. JDIM ARICANDUVA,2022,325,Source: SSP-SP SPDadosCriminais XLSX; NATUREZA_APURADA=ROUBO - OUTROS; NOME_DEPARTAMENTO=DECAP
66º D.P. JDIM ARICANDUVA,2023,240,Source: SSP-SP SPDadosCriminais XLSX; NATUREZA_APURADA=ROUBO - OUTROS; NOME_DEPARTAMENTO=DECAP
66º D.P. JDIM ARICANDUVA,2024,219,Source: SSP-SP SPDadosCriminais XLSX; NATUREZA_APURADA=ROUBO - OUTROS; NOME_DEPARTAMENTO=DECAP
67º D.P. JARDIM ROBRU,2022,167,Source: SSP-SP SPDadosCriminais XLSX; NATUREZA_APURADA=ROUBO - OUTROS; NOME_DEPARTAMENTO=DECAP
67º D.P. JARDIM ROBRU,2023,156,Source: SSP-SP SPDadosCriminais XLSX; NATUREZA_APURADA=ROUBO - OUTROS; NOME_DEPARTAMENTO=DECAP
67º D.P. JARDIM ROBRU,2024,180,Source: SSP-SP SPDadosCriminais XLSX; NATUREZA_APURADA=ROUBO - OUTROS; NOME_DEPARTAMENTO=DECAP
68º D.P. LAGEADO,2022,266,Source: SSP-SP SPDadosCriminais XLSX; NATUREZA_APURADA=ROUBO - OUTROS; NOME_DEPARTAMENTO=DECAP
68º D.P. LAGEADO,2023,354,Source: SSP-SP SPDadosCriminais XLSX; NATUREZA_APURADA=ROUBO - OUTROS; NOME_DEPARTAMENTO=DECAP
68º D.P. LAGEADO,2024,356,Source: SSP-SP SPDadosCriminais XLSX; NATUREZA_APURADA=ROUBO - OUTROS; NOME_DEPARTAMENTO=DECAP
69º D.P. TEOTONIO VILELA,2022,336,Source: SSP-SP SPDadosCriminais XLSX; NATUREZA_APURADA=ROUBO - OUTROS; NOME_DEPARTAMENTO=DECAP
69º D.P. TEOTONIO VILELA,2023,238,Source: SSP-SP SPDadosCriminais XLSX; NATUREZA_APURADA=ROUBO - OUTROS; NOME_DEPARTAMENTO=DECAP
69º D.P. TEOTONIO VILELA,2024,249,Source: SSP-SP SPDadosCriminais XLSX; NATUREZA_APURADA=ROUBO - OUTROS; NOME_DEPARTAMENTO=DECAP
70º D.P. VILA EMA,2022,366,Source: SSP-SP SPDadosCriminais XLSX; NATUREZA_APURADA=ROUBO - OUTROS; NOME_DEPARTAMENTO=DECAP
70º D.P. VILA EMA,2023,304,Source: SSP-SP SPDadosCriminais XLSX; NATUREZA_APURADA=ROUBO - OUTROS; NOME_DEPARTAMENTO=DECAP
70º D.P. VILA EMA,2024,216,Source: SSP-SP SPDadosCriminais XLSX; NATUREZA_APURADA=ROUBO - OUTROS; NOME_DEPARTAMENTO=DECAP
72º D.P. VILA PENTEADO,2022,141,Source: SSP-SP SPDadosCriminais XLSX; NATUREZA_APURADA=ROUBO - OUTROS; NOME_DEPARTAMENTO=DECAP
72º D.P. VILA PENTEADO,2023,132,Source: SSP-SP SPDadosCriminais XLSX; NATUREZA_APURADA=ROUBO - OUTROS; NOME_DEPARTAMENTO=DECAP
72º D.P. VILA PENTEADO,2024,100,Source: SSP-SP SPDadosCriminais XLSX; NATUREZA_APURADA=ROUBO - OUTROS; NOME_DEPARTAMENTO=DECAP
73º D.P. JACANA,2022,254,Source: SSP-SP SPDadosCriminais XLSX; NATUREZA_APURADA=ROUBO - OUTROS; NOME_DEPARTAMENTO=DECAP
73º D.P. JACANA,2023,234,Source: SSP-SP SPDadosCriminais XLSX; NATUREZA_APURADA=ROUBO - OUTROS; NOME_DEPARTAMENTO=DECAP
73º D.P. JACANA,2024,248,Source: SSP-SP SPDadosCriminais XLSX; NATUREZA_APURADA=ROUBO - OUTROS; NOME_DEPARTAMENTO=DECAP
74º D.P. PARADA TAIPAS,2022,477,Source: SSP-SP SPDadosCriminais XLSX; NATUREZA_APURADA=ROUBO - OUTROS; NOME_DEPARTAMENTO=DECAP
74º D.P. PARADA TAIPAS,2023,329,Source: SSP-SP SPDadosCriminais XLSX; NATUREZA_APURADA=ROUBO - OUTROS; NOME_DEPARTAMENTO=DECAP
74º D.P. PARADA TAIPAS,2024,213,Source: SSP-SP SPDadosCriminais XLSX; NATUREZA_APURADA=ROUBO - OUTROS; NOME_DEPARTAMENTO=DECAP
75º D.P. JARDIM ARPOADOR,2022,322,Source: SSP-SP SPDadosCriminais XLSX; NATUREZA_APURADA=ROUBO - OUTROS; NOME_DEPARTAMENTO=DECAP
75º D.P. JARDIM ARPOADOR,2023,291,Source: SSP-SP SPDadosCriminais XLSX; NATUREZA_APURADA=ROUBO - OUTROS; NOME_DEPARTAMENTO=DECAP
75º D.P. JARDIM ARPOADOR,2024,170,Source: SSP-SP SPDadosCriminais XLSX; NATUREZA_APURADA=ROUBO - OUTROS; NOME_DEPARTAMENTO=DECAP
77º D.P. SANTA CECILIA,2022,363,Source: SSP-SP SPDadosCriminais XLSX; NATUREZA_APURADA=ROUBO - OUTROS; NOME_DEPARTAMENTO=DECAP
77º D.P. SANTA CECILIA,2023,372,Source: SSP-SP SPDadosCriminais XLSX; NATUREZA_APURADA=ROUBO - OUTROS; NOME_DEPARTAMENTO=DECAP
77º D.P. SANTA CECILIA,2024,233,Source: SSP-SP SPDadosCriminais XLSX; NATUREZA_APURADA=ROUBO - OUTROS; NOME_DEPARTAMENTO=DECAP
78º D.P. JARDINS,2022,429,Source: SSP-SP SPDadosCriminais XLSX; NATUREZA_APURADA=ROUBO - OUTROS; NOME_DEPARTAMENTO=DECAP
78º D.P. JARDINS,2023,265,Source: SSP-SP SPDadosCriminais XLSX; NATUREZA_APURADA=ROUBO - OUTROS; NOME_DEPARTAMENTO=DECAP
78º D.P. JARDINS,2024,232,Source: SSP-SP SPDadosCriminais XLSX; NATUREZA_APURADA=ROUBO - OUTROS; NOME_DEPARTAMENTO=DECAP
80º D.P. VILA JOANIZA,2022,294,Source: SSP-SP SPDadosCriminais XLSX; NATUREZA_APURADA=ROUBO - OUTROS; NOME_DEPARTAMENTO=DECAP
80º D.P. VILA JOANIZA,2023,228,Source: SSP-SP SPDadosCriminais XLSX; NATUREZA_APURADA=ROUBO - OUTROS; NOME_DEPARTAMENTO=DECAP
80º D.P. VILA JOANIZA,2024,132,Source: SSP-SP SPDadosCriminais XLSX; NATUREZA_APURADA=ROUBO - OUTROS; NOME_DEPARTAMENTO=DECAP
81º D.P. BELEM,2022,195,Source: SSP-SP SPDadosCriminais XLSX; NATUREZA_APURADA=ROUBO - OUTROS; NOME_DEPARTAMENTO=DECAP
81º D.P. BELEM,2023,132,Source: SSP-SP SPDadosCriminais XLSX; NATUREZA_APURADA=ROUBO - OUTROS; NOME_DEPARTAMENTO=DECAP
81º D.P. BELEM,2024,138,Source: SSP-SP SPDadosCriminais XLSX; NATUREZA_APURADA=ROUBO - OUTROS; NOME_DEPARTAMENTO=DECAP
83º D.P. PARQUE BRISTOL,2022,96,Source: SSP-SP SPDadosCriminais XLSX; NATUREZA_APURADA=ROUBO - OUTROS; NOME_DEPARTAMENTO=DECAP
83º D.P. PARQUE BRISTOL,2023,70,Source: SSP-SP SPDadosCriminais XLSX; NATUREZA_APURADA=ROUBO - OUTROS; NOME_DEPARTAMENTO=DECAP
83º D.P. PARQUE BRISTOL,2024,70,Source: SSP-SP SPDadosCriminais XLSX; NATUREZA_APURADA=ROUBO - OUTROS; NOME_DEPARTAMENTO=DECAP
85º D.P. JARDIM MIRNA,2022,589,Source: SSP-SP SPDadosCriminais XLSX; NATUREZA_APURADA=ROUBO - OUTROS; NOME_DEPARTAMENTO=DECAP
85º D.P. JARDIM MIRNA,2023,737,Source: SSP-SP SPDadosCriminais XLSX; NATUREZA_APURADA=ROUBO - OUTROS; NOME_DEPARTAMENTO=DECAP
85º D.P. JARDIM MIRNA,2024,505,Source: SSP-SP SPDadosCriminais XLSX; NATUREZA_APURADA=ROUBO - OUTROS; NOME_DEPARTAMENTO=DECAP
87º D.P. V. P. BARRETO,2022,239,Source: SSP-SP SPDadosCriminais XLSX; NATUREZA_APURADA=ROUBO - OUTROS; NOME_DEPARTAMENTO=DECAP
87º D.P. V. P. BARRETO,2023,169,Source: SSP-SP SPDadosCriminais XLSX; NATUREZA_APURADA=ROUBO - OUTROS; NOME_DEPARTAMENTO=DECAP
87º D.P. V. P. BARRETO,2024,132,Source: SSP-SP SPDadosCriminais XLSX; NATUREZA_APURADA=ROUBO - OUTROS; NOME_DEPARTAMENTO=DECAP
89º D.P. JARDIM TABOAO,2022,244,Source: SSP-SP SPDadosCriminais XLSX; NATUREZA_APURADA=ROUBO - OUTROS; NOME_DEPARTAMENTO=DECAP
89º D.P. JARDIM TABOAO,2023,261,Source: SSP-SP SPDadosCriminais XLSX; NATUREZA_APURADA=ROUBO - OUTROS; NOME_DEPARTAMENTO=DECAP
89º D.P. JARDIM TABOAO,2024,169,Source: SSP-SP SPDadosCriminais XLSX; NATUREZA_APURADA=ROUBO - OUTROS; NOME_DEPARTAMENTO=DECAP
90º D.P. PQ. NOVO MUNDO,2022,152,Source: SSP-SP SPDadosCriminais XLSX; NATUREZA_APURADA=ROUBO - OUTROS; NOME_DEPARTAMENTO=DECAP
90º D.P. PQ. NOVO MUNDO,2023,166,Source: SSP-SP SPDadosCriminais XLSX; NATUREZA_APURADA=ROUBO - OUTROS; NOME_DEPARTAMENTO=DECAP
90º D.P. PQ. NOVO MUNDO,2024,151,Source: SSP-SP SPDadosCriminais XLSX; NATUREZA_APURADA=ROUBO - OUTROS; NOME_DEPARTAMENTO=DECAP
91º D.P. CEASA,2022,134,Source: SSP-SP SPDadosCriminais XLSX; NATUREZA_APURADA=ROUBO - OUTROS; NOME_DEPARTAMENTO=DECAP
91º D.P. CEASA,2023,166,Source: SSP-SP SPDadosCriminais XLSX; NATUREZA_APURADA=ROUBO - OUTROS; NOME_DEPARTAMENTO=DECAP
91º D.P. CEASA,2024,139,Source: SSP-SP SPDadosCriminais XLSX; NATUREZA_APURADA=ROUBO - OUTROS; NOME_DEPARTAMENTO=DECAP
92º D.P. PQ. SANTO ANTONIO,2022,606,Source: SSP-SP SPDadosCriminais XLSX; NATUREZA_APURADA=ROUBO - OUTROS; NOME_DEPARTAMENTO=DECAP
92º D.P. PQ. SANTO ANTONIO,2023,547,Source: SSP-SP SPDadosCriminais XLSX; NATUREZA_APURADA=ROUBO - OUTROS; NOME_DEPARTAMENTO=DECAP
92º D.P. PQ. SANTO ANTONIO,2024,363,Source: SSP-SP SPDadosCriminais XLSX; NATUREZA_APURADA=ROUBO - OUTROS; NOME_DEPARTAMENTO=DECAP
93º D.P. JAGUARÉ,2022,226,Source: SSP-SP SPDadosCriminais XLSX; NATUREZA_APURADA=ROUBO - OUTROS; NOME_DEPARTAMENTO=DECAP
93º D.P. JAGUARÉ,2023,216,Source: SSP-SP SPDadosCriminais XLSX; NATUREZA_APURADA=ROUBO - OUTROS; NOME_DEPARTAMENTO=DECAP
93º D.P. JAGUARÉ,2024,141,Source: SSP-SP SPDadosCriminais XLSX; NATUREZA_APURADA=ROUBO - OUTROS; NOME_DEPARTAMENTO=DECAP
95º D.P. HELIÓPOLIS,2022,181,Source: SSP-SP SPDadosCriminais XLSX; NATUREZA_APURADA=ROUBO - OUTROS; NOME_DEPARTAMENTO=DECAP
95º D.P. HELIÓPOLIS,2023,244,Source: SSP-SP SPDadosCriminais XLSX; NATUREZA_APURADA=ROUBO - OUTROS; NOME_DEPARTAMENTO=DECAP
95º D.P. HELIÓPOLIS,2024,265,Source: SSP-SP SPDadosCriminais XLSX; NATUREZA_APURADA=ROUBO - OUTROS; NOME_DEPARTAMENTO=DECAP
96º D.P. MONÇÕES,2022,268,Source: SSP-SP SPDadosCriminais XLSX; NATUREZA_APURADA=ROUBO - OUTROS; NOME_DEPARTAMENTO=DECAP
96º D.P. MONÇÕES,2023,299,Source: SSP-SP SPDadosCriminais XLSX; NATUREZA_APURADA=ROUBO - OUTROS; NOME_DEPARTAMENTO=DECAP
96º D.P. MONÇÕES,2024,211,Source: SSP-SP SPDadosCriminais XLSX; NATUREZA_APURADA=ROUBO - OUTROS; NOME_DEPARTAMENTO=DECAP
97º D.P. AMERICANOPOLIS,2022,193,Source: SSP-SP SPDadosCriminais XLSX; NATUREZA_APURADA=ROUBO - OUTROS; NOME_DEPARTAMENTO=DECAP
97º D.P. AMERICANOPOLIS,2023,131,Source: SSP-SP SPDadosCriminais XLSX; NATUREZA_APURADA=ROUBO - OUTROS; NOME_DEPARTAMENTO=DECAP
97º D.P. AMERICANOPOLIS,2024,100,Source: SSP-SP SPDadosCriminais XLSX; NATUREZA_APURADA=ROUBO - OUTROS; NOME_DEPARTAMENTO=DECAP
98º D.P. JARDIM MIRIAM,2022,364,Source: SSP-SP SPDadosCriminais XLSX; NATUREZA_APURADA=ROUBO - OUTROS; NOME_DEPARTAMENTO=DECAP
98º D.P. JARDIM MIRIAM,2023,203,Source: SSP-SP SPDadosCriminais XLSX; NATUREZA_APURADA=ROUBO - OUTROS; NOME_DEPARTAMENTO=DECAP
98º D.P. JARDIM MIRIAM,2024,210,Source: SSP-SP SPDadosCriminais XLSX; NATUREZA_APURADA=ROUBO - OUTROS; NOME_DEPARTAMENTO=DECAP
99º D.P. CAMPO GRANDE,2022,211,Source: SSP-SP SPDadosCriminais XLSX; NATUREZA_APURADA=ROUBO - OUTROS; NOME_DEPARTAMENTO=DECAP
99º D.P. CAMPO GRANDE,2023,215,Source: SSP-SP SPDadosCriminais XLSX; NATUREZA_APURADA=ROUBO - OUTROS; NOME_DEPARTAMENTO=DECAP
99º D.P. CAMPO GRANDE,2024,157,Source: SSP-SP SPDadosCriminais XLSX; NATUREZA_APURADA=ROUBO - OUTROS; NOME_DEPARTAMENTO=DECAP
DEL.POL.ALUMINIO,2022,1,Source: SSP-SP SPDadosCriminais XLSX; NATUREZA_APURADA=ROUBO - OUTROS; NOME_DEPARTAMENTO=DECAP
DEL.POL.ANALÂNDIA,2023,1,Source: SSP-SP SPDadosCriminais XLSX; NATUREZA_APURADA=ROUBO - OUTROS; NOME_DEPARTAMENTO=DECAP
DEL.POL.ARARAS,2022,2,Source: SSP-SP SPDadosCriminais XLSX; NATUREZA_APURADA=ROUBO - OUTROS; NOME_DEPARTAMENTO=DECAP
DEL.POL.ARAÇARIGUAMA,2022,3,Source: SSP-SP SPDadosCriminais XLSX; NATUREZA_APURADA=ROUBO - OUTROS; NOME_DEPARTAMENTO=DECAP
DEL.POL.ARUJA,2022,2,Source: SSP-SP SPDadosCriminais XLSX; NATUREZA_APURADA=ROUBO - OUTROS; NOME_DEPARTAMENTO=DECAP
DEL.POL.ARUJA,2023,3,Source: SSP-SP SPDadosCriminais XLSX; NATUREZA_APURADA=ROUBO - OUTROS; NOME_DEPARTAMENTO=DECAP
DEL.POL.ARUJA,2024,1,Source: SSP-SP SPDadosCriminais XLSX; NATUREZA_APURADA=ROUBO - OUTROS; NOME_DEPARTAMENTO=DECAP
DEL.POL.ATIBAIA,2023,1,Source: SSP-SP SPDadosCriminais XLSX; NATUREZA_APURADA=ROUBO - OUTROS; NOME_DEPARTAMENTO=DECAP
DEL.POL.BADY BASSIT,2022,1,Source: SSP-SP SPDadosCriminais XLSX; NATUREZA_APURADA=ROUBO - OUTROS; NOME_DEPARTAMENTO=DECAP
DEL.POL.BARRA BONITA,2023,1,Source: SSP-SP SPDadosCriminais XLSX; NATUREZA_APURADA=ROUBO - OUTROS; NOME_DEPARTAMENTO=DECAP
DEL.POL.BARRA DO TURVO,2023,1,Source: SSP-SP SPDadosCriminais XLSX; NATUREZA_APURADA=ROUBO - OUTROS; NOME_DEPARTAMENTO=DECAP
DEL.POL.BARUERI,2022,1,Source: SSP-SP SPDadosCriminais XLSX; NATUREZA_APURADA=ROUBO - OUTROS; NOME_DEPARTAMENTO=DECAP
DEL.POL.BARUERI,2023,1,Source: SSP-SP SPDadosCriminais XLSX; NATUREZA_APURADA=ROUBO - OUTROS; NOME_DEPARTAMENTO=DECAP
DEL.POL.BARUERI,2024,3,Source: SSP-SP SPDadosCriminais XLSX; NATUREZA_APURADA=ROUBO - OUTROS; NOME_DEPARTAMENTO=DECAP
DEL.POL.BERTIOGA,2022,3,Source: SSP-SP SPDadosCriminais XLSX; NATUREZA_APURADA=ROUBO - OUTROS; NOME_DEPARTAMENTO=DECAP
DEL.POL.BERTIOGA,2023,5,Source: SSP-SP SPDadosCriminais XLSX; NATUREZA_APURADA=ROUBO - OUTROS; NOME_DEPARTAMENTO=DECAP
DEL.POL.BERTIOGA,2024,4,Source: SSP-SP SPDadosCriminais XLSX; NATUREZA_APURADA=ROUBO - OUTROS; NOME_DEPARTAMENTO=DECAP
DEL.POL.BOM JESUS DOS PERDÕES,2022,2,Source: SSP-SP SPDadosCriminais XLSX; NATUREZA_APURADA=ROUBO - OUTROS; NOME_DEPARTAMENTO=DECAP
DEL.POL.BORBOREMA,2022,1,Source: SSP-SP SPDadosCriminais XLSX; NATUREZA_APURADA=ROUBO - OUTROS; NOME_DEPARTAMENTO=DECAP
DEL.POL.CAIEIRAS,2022,7,Source: SSP-SP SPDadosCriminais XLSX; NATUREZA_APURADA=ROUBO - OUTROS; NOME_DEPARTAMENTO=DECAP
DEL.POL.CAIEIRAS,2023,1,Source: SSP-SP SPDadosCriminais XLSX; NATUREZA_APURADA=ROUBO - OUTROS; NOME_DEPARTAMENTO=DECAP
DEL.POL.CAIEIRAS,2024,3,Source: SSP-SP SPDadosCriminais XLSX; NATUREZA_APURADA=ROUBO - OUTROS; NOME_DEPARTAMENTO=DECAP
DEL.POL.CAJAMAR,2022,2,Source: SSP-SP SPDadosCriminais XLSX; NATUREZA_APURADA=ROUBO - OUTROS; NOME_DEPARTAMENTO=DECAP
DEL.POL.CAJAMAR,2024,1,Source: SSP-SP SPDadosCriminais XLSX; NATUREZA_APURADA=ROUBO - OUTROS; NOME_DEPARTAMENTO=DECAP
DEL.POL.CAMPO LIMPO PAULISTA,2022,1,Source: SSP-SP SPDadosCriminais XLSX; NATUREZA_APURADA=ROUBO - OUTROS; NOME_DEPARTAMENTO=DECAP
DEL.POL.CANAS,2024,1,Source: SSP-SP SPDadosCriminais XLSX; NATUREZA_APURADA=ROUBO - OUTROS; NOME_DEPARTAMENTO=DECAP
DEL.POL.CAÇAPAVA,2023,2,Source: SSP-SP SPDadosCriminais XLSX; NATUREZA_APURADA=ROUBO - OUTROS; NOME_DEPARTAMENTO=DECAP
DEL.POL.CORDEIRÓPOLIS,2022,1,Source: SSP-SP SPDadosCriminais XLSX; NATUREZA_APURADA=ROUBO - OUTROS; NOME_DEPARTAMENTO=DECAP
DEL.POL.CORDEIRÓPOLIS,2023,1,Source: SSP-SP SPDadosCriminais XLSX; NATUREZA_APURADA=ROUBO - OUTROS; NOME_DEPARTAMENTO=DECAP
DEL.POL.CORDEIRÓPOLIS,2024,1,Source: SSP-SP SPDadosCriminais XLSX; NATUREZA_APURADA=ROUBO - OUTROS; NOME_DEPARTAMENTO=DECAP
DEL.POL.COTIA,2022,2,Source: SSP-SP SPDadosCriminais XLSX; NATUREZA_APURADA=ROUBO - OUTROS; NOME_DEPARTAMENTO=DECAP
DEL.POL.COTIA,2023,6,Source: SSP-SP SPDadosCriminais XLSX; NATUREZA_APURADA=ROUBO - OUTROS; NOME_DEPARTAMENTO=DECAP
DEL.POL.COTIA,2024,7,Source: SSP-SP SPDadosCriminais XLSX; NATUREZA_APURADA=ROUBO - OUTROS; NOME_DEPARTAMENTO=DECAP
DEL.POL.CRAVINHOS,2023,1,Source: SSP-SP SPDadosCriminais XLSX; NATUREZA_APURADA=ROUBO - OUTROS; NOME_DEPARTAMENTO=DECAP
DEL.POL.CUBATÃO,2022,1,Source: SSP-SP SPDadosCriminais XLSX; NATUREZA_APURADA=ROUBO - OUTROS; NOME_DEPARTAMENTO=DECAP
DEL.POL.EMBU DAS ARTES,2022,11,Source: SSP-SP SPDadosCriminais XLSX; NATUREZA_APURADA=ROUBO - OUTROS; NOME_DEPARTAMENTO=DECAP
DEL.POL.EMBU DAS ARTES,2023,14,Source: SSP-SP SPDadosCriminais XLSX; NATUREZA_APURADA=ROUBO - OUTROS; NOME_DEPARTAMENTO=DECAP
DEL.POL.EMBU DAS ARTES,2024,14,Source: SSP-SP SPDadosCriminais XLSX; NATUREZA_APURADA=ROUBO - OUTROS; NOME_DEPARTAMENTO=DECAP
DEL.POL.EMBU-GUAÇU,2022,3,Source: SSP-SP SPDadosCriminais XLSX; NATUREZA_APURADA=ROUBO - OUTROS; NOME_DEPARTAMENTO=DECAP
DEL.POL.EMBU-GUAÇU,2023,4,Source: SSP-SP SPDadosCriminais XLSX; NATUREZA_APURADA=ROUBO - OUTROS; NOME_DEPARTAMENTO=DECAP
DEL.POL.EMBU-GUAÇU,2024,3,Source: SSP-SP SPDadosCriminais XLSX; NATUREZA_APURADA=ROUBO - OUTROS; NOME_DEPARTAMENTO=DECAP
DEL.POL.ESTIVA GERBI,2022,1,Source: SSP-SP SPDadosCriminais XLSX; NATUREZA_APURADA=ROUBO - OUTROS; NOME_DEPARTAMENTO=DECAP
DEL.POL.FERRAZ DE VASCONCELOS,2022,22,Source: SSP-SP SPDadosCriminais XLSX; NATUREZA_APURADA=ROUBO - OUTROS; NOME_DEPARTAMENTO=DECAP
DEL.POL.FERRAZ DE VASCONCELOS,2023,15,Source: SSP-SP SPDadosCriminais XLSX; NATUREZA_APURADA=ROUBO - OUTROS; NOME_DEPARTAMENTO=DECAP
DEL.POL.FERRAZ DE VASCONCELOS,2024,13,Source: SSP-SP SPDadosCriminais XLSX; NATUREZA_APURADA=ROUBO - OUTROS; NOME_DEPARTAMENTO=DECAP
DEL.POL.FRANCISCO MORATO,2022,2,Source: SSP-SP SPDadosCriminais XLSX; NATUREZA_APURADA=ROUBO - OUTROS; NOME_DEPARTAMENTO=DECAP
DEL.POL.FRANCISCO MORATO,2023,3,Source: SSP-SP SPDadosCriminais XLSX; NATUREZA_APURADA=ROUBO - OUTROS; NOME_DEPARTAMENTO=DECAP
DEL.POL.FRANCISCO MORATO,2024,3,Source: SSP-SP SPDadosCriminais XLSX; NATUREZA_APURADA=ROUBO - OUTROS; NOME_DEPARTAMENTO=DECAP
DEL.POL.FRANCO ROCHA,2022,6,Source: SSP-SP SPDadosCriminais XLSX; NATUREZA_APURADA=ROUBO - OUTROS; NOME_DEPARTAMENTO=DECAP
DEL.POL.FRANCO ROCHA,2023,7,Source: SSP-SP SPDadosCriminais XLSX; NATUREZA_APURADA=ROUBO - OUTROS; NOME_DEPARTAMENTO=DECAP
DEL.POL.FRANCO ROCHA,2024,2,Source: SSP-SP SPDadosCriminais XLSX; NATUREZA_APURADA=ROUBO - OUTROS; NOME_DEPARTAMENTO=DECAP
DEL.POL.GUARACI,2023,1,Source: SSP-SP SPDadosCriminais XLSX; NATUREZA_APURADA=ROUBO - OUTROS; NOME_DEPARTAMENTO=DECAP
DEL.POL.GUARANTÃ,2022,1,Source: SSP-SP SPDadosCriminais XLSX; NATUREZA_APURADA=ROUBO - OUTROS; NOME_DEPARTAMENTO=DECAP
DEL.POL.GUARAREMA,2023,1,Source: SSP-SP SPDadosCriminais XLSX; NATUREZA_APURADA=ROUBO - OUTROS; NOME_DEPARTAMENTO=DECAP
DEL.POL.GUARAREMA,2024,2,Source: SSP-SP SPDadosCriminais XLSX; NATUREZA_APURADA=ROUBO - OUTROS; NOME_DEPARTAMENTO=DECAP
DEL.POL.GUARUJA,2022,26,Source: SSP-SP SPDadosCriminais XLSX; NATUREZA_APURADA=ROUBO - OUTROS; NOME_DEPARTAMENTO=DECAP
DEL.POL.GUARUJA,2023,14,Source: SSP-SP SPDadosCriminais XLSX; NATUREZA_APURADA=ROUBO - OUTROS; NOME_DEPARTAMENTO=DECAP
DEL.POL.GUARUJA,2024,9,Source: SSP-SP SPDadosCriminais XLSX; NATUREZA_APURADA=ROUBO - OUTROS; NOME_DEPARTAMENTO=DECAP
DEL.POL.GUARÁ,2022,1,Source: SSP-SP SPDadosCriminais XLSX; NATUREZA_APURADA=ROUBO - OUTROS; NOME_DEPARTAMENTO=DECAP
DEL.POL.GUARÁ,2023,1,Source: SSP-SP SPDadosCriminais XLSX; NATUREZA_APURADA=ROUBO - OUTROS; NOME_DEPARTAMENTO=DECAP
DEL.POL.IBIÚNA,2022,1,Source: SSP-SP SPDadosCriminais XLSX; NATUREZA_APURADA=ROUBO - OUTROS; NOME_DEPARTAMENTO=DECAP
DEL.POL.IBIÚNA,2024,2,Source: SSP-SP SPDadosCriminais XLSX; NATUREZA_APURADA=ROUBO - OUTROS; NOME_DEPARTAMENTO=DECAP
DEL.POL.IGARAPAVA,2022,5,Source: SSP-SP SPDadosCriminais XLSX; NATUREZA_APURADA=ROUBO - OUTROS; NOME_DEPARTAMENTO=DECAP
DEL.POL.IGARAPAVA,2023,1,Source: SSP-SP SPDadosCriminais XLSX; NATUREZA_APURADA=ROUBO - OUTROS; NOME_DEPARTAMENTO=DECAP
DEL.POL.IGARATA,2024,1,Source: SSP-SP SPDadosCriminais XLSX; NATUREZA_APURADA=ROUBO - OUTROS; NOME_DEPARTAMENTO=DECAP
DEL.POL.INDAIATUBA,2024,1,Source: SSP-SP SPDadosCriminais XLSX; NATUREZA_APURADA=ROUBO - OUTROS; NOME_DEPARTAMENTO=DECAP
DEL.POL.ITAPECERICA DA SERRA,2022,30,Source: SSP-SP SPDadosCriminais XLSX; NATUREZA_APURADA=ROUBO - OUTROS; NOME_DEPARTAMENTO=DECAP
DEL.POL.ITAPECERICA DA SERRA,2023,21,Source: SSP-SP SPDadosCriminais XLSX; NATUREZA_APURADA=ROUBO - OUTROS; NOME_DEPARTAMENTO=DECAP
DEL.POL.ITAPECERICA DA SERRA,2024,22,Source: SSP-SP SPDadosCriminais XLSX; NATUREZA_APURADA=ROUBO - OUTROS; NOME_DEPARTAMENTO=DECAP
DEL.POL.ITAPEVI,2022,7,Source: SSP-SP SPDadosCriminais XLSX; NATUREZA_APURADA=ROUBO - OUTROS; NOME_DEPARTAMENTO=DECAP
DEL.POL.ITAPEVI,2023,5,Source: SSP-SP SPDadosCriminais XLSX; NATUREZA_APURADA=ROUBO - OUTROS; NOME_DEPARTAMENTO=DECAP
DEL.POL.ITAPEVI,2024,4,Source: SSP-SP SPDadosCriminais XLSX; NATUREZA_APURADA=ROUBO - OUTROS; NOME_DEPARTAMENTO=DECAP
DEL.POL.ITAQUAQUECETUBA,2022,40,Source: SSP-SP SPDadosCriminais XLSX; NATUREZA_APURADA=ROUBO - OUTROS; NOME_DEPARTAMENTO=DECAP
DEL.POL.ITAQUAQUECETUBA,2023,40,Source: SSP-SP SPDadosCriminais XLSX; NATUREZA_APURADA=ROUBO - OUTROS; NOME_DEPARTAMENTO=DECAP
DEL.POL.ITAQUAQUECETUBA,2024,15,Source: SSP-SP SPDadosCriminais XLSX; NATUREZA_APURADA=ROUBO - OUTROS; NOME_DEPARTAMENTO=DECAP
DEL.POL.ITIRAPINA,2023,1,Source: SSP-SP SPDadosCriminais XLSX; NATUREZA_APURADA=ROUBO - OUTROS; NOME_DEPARTAMENTO=DECAP
DEL.POL.ITUPEVA,2023,1,Source: SSP-SP SPDadosCriminais XLSX; NATUREZA_APURADA=ROUBO - OUTROS; NOME_DEPARTAMENTO=DECAP
DEL.POL.ITUVERAVA,2022,1,Source: SSP-SP SPDadosCriminais XLSX; NATUREZA_APURADA=ROUBO - OUTROS; NOME_DEPARTAMENTO=DECAP
DEL.POL.JAGUARIUNA,2022,1,Source: SSP-SP SPDadosCriminais XLSX; NATUREZA_APURADA=ROUBO - OUTROS; NOME_DEPARTAMENTO=DECAP
DEL.POL.JAGUARIUNA,2023,1,Source: SSP-SP SPDadosCriminais XLSX; NATUREZA_APURADA=ROUBO - OUTROS; NOME_DEPARTAMENTO=DECAP
DEL.POL.JAGUARIUNA,2024,2,Source: SSP-SP SPDadosCriminais XLSX; NATUREZA_APURADA=ROUBO - OUTROS; NOME_DEPARTAMENTO=DECAP
DEL.POL.JANDIRA,2022,3,Source: SSP-SP SPDadosCriminais XLSX; NATUREZA_APURADA=ROUBO - OUTROS; NOME_DEPARTAMENTO=DECAP
DEL.POL.JARDINOPOLIS,2022,1,Source: SSP-SP SPDadosCriminais XLSX; NATUREZA_APURADA=ROUBO - OUTROS; NOME_DEPARTAMENTO=DECAP
DEL.POL.JARINU,2024,1,Source: SSP-SP SPDadosCriminais XLSX; NATUREZA_APURADA=ROUBO - OUTROS; NOME_DEPARTAMENTO=DECAP
DEL.POL.JUQUIA,2024,2,Source: SSP-SP SPDadosCriminais XLSX; NATUREZA_APURADA=ROUBO - OUTROS; NOME_DEPARTAMENTO=DECAP
DEL.POL.JUQUITIBA,2022,3,Source: SSP-SP SPDadosCriminais XLSX; NATUREZA_APURADA=ROUBO - OUTROS; NOME_DEPARTAMENTO=DECAP
DEL.POL.JUQUITIBA,2024,6,Source: SSP-SP SPDadosCriminais XLSX; NATUREZA_APURADA=ROUBO - OUTROS; NOME_DEPARTAMENTO=DECAP
DEL.POL.LARANJAL PAULISTA,2022,1,Source: SSP-SP SPDadosCriminais XLSX; NATUREZA_APURADA=ROUBO - OUTROS; NOME_DEPARTAMENTO=DECAP
DEL.POL.LAVRINHAS,2022,1,Source: SSP-SP SPDadosCriminais XLSX; NATUREZA_APURADA=ROUBO - OUTROS; NOME_DEPARTAMENTO=DECAP
DEL.POL.MAIRINQUE,2024,1,Source: SSP-SP SPDadosCriminais XLSX; NATUREZA_APURADA=ROUBO - OUTROS; NOME_DEPARTAMENTO=DECAP
DEL.POL.MAIRIPORÃ,2022,5,Source: SSP-SP SPDadosCriminais XLSX; NATUREZA_APURADA=ROUBO - OUTROS; NOME_DEPARTAMENTO=DECAP
DEL.POL.MAIRIPORÃ,2023,2,Source: SSP-SP SPDadosCriminais XLSX; NATUREZA_APURADA=ROUBO - OUTROS; NOME_DEPARTAMENTO=DECAP
DEL.POL.MAIRIPORÃ,2024,7,Source: SSP-SP SPDadosCriminais XLSX; NATUREZA_APURADA=ROUBO - OUTROS; NOME_DEPARTAMENTO=DECAP
DEL.POL.MATÃO,2022,2,Source: SSP-SP SPDadosCriminais XLSX; NATUREZA_APURADA=ROUBO - OUTROS; NOME_DEPARTAMENTO=DECAP
DEL.POL.MIRACATU,2022,2,Source: SSP-SP SPDadosCriminais XLSX; NATUREZA_APURADA=ROUBO - OUTROS; NOME_DEPARTAMENTO=DECAP
DEL.POL.MIRACATU,2023,1,Source: SSP-SP SPDadosCriminais XLSX; NATUREZA_APURADA=ROUBO - OUTROS; NOME_DEPARTAMENTO=DECAP
DEL.POL.MONGAGUA,2022,1,Source: SSP-SP SPDadosCriminais XLSX; NATUREZA_APURADA=ROUBO - OUTROS; NOME_DEPARTAMENTO=DECAP
DEL.POL.MONGAGUA,2023,4,Source: SSP-SP SPDadosCriminais XLSX; NATUREZA_APURADA=ROUBO - OUTROS; NOME_DEPARTAMENTO=DECAP
DEL.POL.MONGAGUA,2024,2,Source: SSP-SP SPDadosCriminais XLSX; NATUREZA_APURADA=ROUBO - OUTROS; NOME_DEPARTAMENTO=DECAP
DEL.POL.NAZARE PAULISTA,2022,1,Source: SSP-SP SPDadosCriminais XLSX; NATUREZA_APURADA=ROUBO - OUTROS; NOME_DEPARTAMENTO=DECAP
DEL.POL.NOVA GRANADA,2022,1,Source: SSP-SP SPDadosCriminais XLSX; NATUREZA_APURADA=ROUBO - OUTROS; NOME_DEPARTAMENTO=DECAP
DEL.POL.NOVA ODESSA,2022,1,Source: SSP-SP SPDadosCriminais XLSX; NATUREZA_APURADA=ROUBO - OUTROS; NOME_DEPARTAMENTO=DECAP
DEL.POL.ORLANDIA,2023,2,Source: SSP-SP SPDadosCriminais XLSX; NATUREZA_APURADA=ROUBO - OUTROS; NOME_DEPARTAMENTO=DECAP
DEL.POL.PERUIBE,2024,4,Source: SSP-SP SPDadosCriminais XLSX; NATUREZA_APURADA=ROUBO - OUTROS; NOME_DEPARTAMENTO=DECAP
DEL.POL.POA,2022,1,Source: SSP-SP SPDadosCriminais XLSX; NATUREZA_APURADA=ROUBO - OUTROS; NOME_DEPARTAMENTO=DECAP
DEL.POL.POA,2023,9,Source: SSP-SP SPDadosCriminais XLSX; NATUREZA_APURADA=ROUBO - OUTROS; NOME_DEPARTAMENTO=DECAP
DEL.POL.POA,2024,6,Source: SSP-SP SPDadosCriminais XLSX; NATUREZA_APURADA=ROUBO - OUTROS; NOME_DEPARTAMENTO=DECAP
DEL.POL.PORTO FERREIRA,2022,1,Source: SSP-SP SPDadosCriminais XLSX; NATUREZA_APURADA=ROUBO - OUTROS; NOME_DEPARTAMENTO=DECAP
DEL.POL.PORTO FERREIRA,2023,2,Source: SSP-SP SPDadosCriminais XLSX; NATUREZA_APURADA=ROUBO - OUTROS; NOME_DEPARTAMENTO=DECAP
DEL.POL.RIFAINA,2023,1,Source: SSP-SP SPDadosCriminais XLSX; NATUREZA_APURADA=ROUBO - OUTROS; NOME_DEPARTAMENTO=DECAP
DEL.POL.RPIRES DR.EVANDRO LIMA,2024,1,Source: SSP-SP SPDadosCriminais XLSX; NATUREZA_APURADA=ROUBO - OUTROS; NOME_DEPARTAMENTO=DECAP
DEL.POL.S.CRUZ DO RIO PARDO,2023,1,Source: SSP-SP SPDadosCriminais XLSX; NATUREZA_APURADA=ROUBO - OUTROS; NOME_DEPARTAMENTO=DECAP
DEL.POL.S.LOURENÇO DA SERRA,2022,1,Source: SSP-SP SPDadosCriminais XLSX; NATUREZA_APURADA=ROUBO - OUTROS; NOME_DEPARTAMENTO=DECAP
DEL.POL.S.LOURENÇO DA SERRA,2023,3,Source: SSP-SP SPDadosCriminais XLSX; NATUREZA_APURADA=ROUBO - OUTROS; NOME_DEPARTAMENTO=DECAP
DEL.POL.S.SIMAO,2023,1,Source: SSP-SP SPDadosCriminais XLSX; NATUREZA_APURADA=ROUBO - OUTROS; NOME_DEPARTAMENTO=DECAP
DEL.POL.S.VICENTE,2022,1,Source: SSP-SP SPDadosCriminais XLSX; NATUREZA_APURADA=ROUBO - OUTROS; NOME_DEPARTAMENTO=DECAP
DEL.POL.S.VICENTE,2023,3,Source: SSP-SP SPDadosCriminais XLSX; NATUREZA_APURADA=ROUBO - OUTROS; NOME_DEPARTAMENTO=DECAP
DEL.POL.S.VICENTE,2024,3,Source: SSP-SP SPDadosCriminais XLSX; NATUREZA_APURADA=ROUBO - OUTROS; NOME_DEPARTAMENTO=DECAP
DEL.POL.SALTO DE PIRAPORA,2024,1,Source: SSP-SP SPDadosCriminais XLSX; NATUREZA_APURADA=ROUBO - OUTROS; NOME_DEPARTAMENTO=DECAP
DEL.POL.SANTA GERTRUDES,2023,1,Source: SSP-SP SPDadosCriminais XLSX; NATUREZA_APURADA=ROUBO - OUTROS; NOME_DEPARTAMENTO=DECAP
DEL.POL.SANTANA DE PARNAIBA,2023,3,Source: SSP-SP SPDadosCriminais XLSX; NATUREZA_APURADA=ROUBO - OUTROS; NOME_DEPARTAMENTO=DECAP
DEL.POL.SANTANA DE PARNAIBA,2024,1,Source: SSP-SP SPDadosCriminais XLSX; NATUREZA_APURADA=ROUBO - OUTROS; NOME_DEPARTAMENTO=DECAP
DEL.POL.SANTO ANTONIO DE POSSE,2024,1,Source: SSP-SP SPDadosCriminais XLSX; NATUREZA_APURADA=ROUBO - OUTROS; NOME_DEPARTAMENTO=DECAP
DEL.POL.SERRA AZUL,2022,1,Source: SSP-SP SPDadosCriminais XLSX; NATUREZA_APURADA=ROUBO - OUTROS; NOME_DEPARTAMENTO=DECAP
DEL.POL.STA ISABEL,2023,2,Source: SSP-SP SPDadosCriminais XLSX; NATUREZA_APURADA=ROUBO - OUTROS; NOME_DEPARTAMENTO=DECAP
DEL.POL.STA RITA PASSA QUATRO,2022,1,Source: SSP-SP SPDadosCriminais XLSX; NATUREZA_APURADA=ROUBO - OUTROS; NOME_DEPARTAMENTO=DECAP
DEL.POL.SUZANO,2022,6,Source: SSP-SP SPDadosCriminais XLSX; NATUREZA_APURADA=ROUBO - OUTROS; NOME_DEPARTAMENTO=DECAP
DEL.POL.SUZANO,2023,2,Source: SSP-SP SPDadosCriminais XLSX; NATUREZA_APURADA=ROUBO - OUTROS; NOME_DEPARTAMENTO=DECAP
DEL.POL.SUZANO,2024,3,Source: SSP-SP SPDadosCriminais XLSX; NATUREZA_APURADA=ROUBO - OUTROS; NOME_DEPARTAMENTO=DECAP
DEL.POL.SÃO MANUEL,2023,1,Source: SSP-SP SPDadosCriminais XLSX; NATUREZA_APURADA=ROUBO - OUTROS; NOME_DEPARTAMENTO=DECAP
DEL.POL.SÃO ROQUE,2023,1,Source: SSP-SP SPDadosCriminais XLSX; NATUREZA_APURADA=ROUBO - OUTROS; NOME_DEPARTAMENTO=DECAP
DEL.POL.SÃO ROQUE,2024,1,Source: SSP-SP SPDadosCriminais XLSX; NATUREZA_APURADA=ROUBO - OUTROS; NOME_DEPARTAMENTO=DECAP
DEL.POL.TAQUARITINGA,2022,1,Source: SSP-SP SPDadosCriminais XLSX; NATUREZA_APURADA=ROUBO - OUTROS; NOME_DEPARTAMENTO=DECAP
DEL.POL.UBATUBA,2022,3,Source: SSP-SP SPDadosCriminais XLSX; NATUREZA_APURADA=ROUBO - OUTROS; NOME_DEPARTAMENTO=DECAP
DEL.POL.UBATUBA,2023,1,Source: SSP-SP SPDadosCriminais XLSX; NATUREZA_APURADA=ROUBO - OUTROS; NOME_DEPARTAMENTO=DECAP
DEL.POL.UBATUBA,2024,2,Source: SSP-SP SPDadosCriminais XLSX; NATUREZA_APURADA=ROUBO - OUTROS; NOME_DEPARTAMENTO=DECAP
DEL.POL.VARGEM,2022,2,Source: SSP-SP SPDadosCriminais XLSX; NATUREZA_APURADA=ROUBO - OUTROS; NOME_DEPARTAMENTO=DECAP
DEL.POL.VARGEM,2024,1,Source: SSP-SP SPDadosCriminais XLSX; NATUREZA_APURADA=ROUBO - OUTROS; NOME_DEPARTAMENTO=DECAP
DEL.POL.VARGEM GRANDE PTA,2023,1,Source: SSP-SP SPDadosCriminais XLSX; NATUREZA_APURADA=ROUBO - OUTROS; NOME_DEPARTAMENTO=DECAP
DEL.POL.VARGEM GRANDE PTA,2024,1,Source: SSP-SP SPDadosCriminais XLSX; NATUREZA_APURADA=ROUBO - OUTROS; NOME_DEPARTAMENTO=DECAP
DEL.POL.VARZEA PAULISTA,2023,1,Source: SSP-SP SPDadosCriminais XLSX; NATUREZA_APURADA=ROUBO - OUTROS; NOME_DEPARTAMENTO=DECAP
DEL.POL.VINHEDO,2022,2,Source: SSP-SP SPDadosCriminais XLSX; NATUREZA_APURADA=ROUBO - OUTROS; NOME_DEPARTAMENTO=DECAP
DEL.POL.VINHEDO,2023,1,Source: SSP-SP SPDadosCriminais XLSX; NATUREZA_APURADA=ROUBO - OUTROS; NOME_DEPARTAMENTO=DECAP
DEL.POL.VINHEDO,2024,1,Source: SSP-SP SPDadosCriminais XLSX; NATUREZA_APURADA=ROUBO - OUTROS; NOME_DEPARTAMENTO=DECAP
DOPE - 01ª DP DEATUR CAPITAL,2022,1,Source: SSP-SP SPDadosCriminais XLSX; NATUREZA_APURADA=ROUBO - OUTROS; NOME_DEPARTAMENTO=DECAP
DOPE - 02ª DP DEATUR CONGONHAS,2023,2,Source: SSP-SP SPDadosCriminais XLSX; NATUREZA_APURADA=ROUBO - OUTROS; NOME_DEPARTAMENTO=DECAP
